name,company_name,pack_size,price
Arnil,Brookes,Pack Size: 2x10's,Rs 68
Artifen,Abbott Laboratories,Pack Size: 10x10's,Rs 69
Advacort Ointment,Atco,Pack Size: 0.1%,Rs 144
AV-Sartan 10 mg/ 160 mg,Barrett,Pack Size: 14,Rs 540
Aidra,Wilshire,Pack Size: 3x10's,Rs 360
Acabel,Continental Pharma,Pack Size: 1x10's,Rs 113
Acabel,Continental Pharma,Pack Size: 1x10's,Rs 188
Atcam,Atco,Pack Size: 10's,Rs 198
Apranax,Martin Dow,Pack Size: 2x10's,Rs 175
Aproxen DS,Schazoo Pharmaceuticals,Pack Size: 2x10's,Rs 175
Axicam,Mass-PH Health,Pack Size: 1x20's,Rs 226
Adronil,Searle,Pack Size: 1 Ampx3ml,"Rs 2,008"
Aurora,Ferozsons,Pack Size: 1x10's,Rs 329
Abriva 400mg,CCL,Pack Size: 28's,"Rs 5,281"
Anplag,Pharm Evo,Pack Size: 2x10's,Rs 707
Arixtra 2.5mg Pre filled Syringe 5ml,Aspin Pharma,Pack Size: 1,"Rs 3,915"
Anvol,Aspin Pharma,Pack Size: 1 x 14's,Rs 294
Anvol 2.5mg,Aspin Pharma,Pack Size: 1 x 14's,Rs 140
Awzi,Amson,Pack Size: 1x10's,Rs 239
Amlo-Q,High-Q,Pack Size: 2x10's,Rs 84
Adablizer,Adamjee Pharmaceuticals,Pack Size: 3x10's,Rs 120
Acnes Scar Care,Rohto Mentholatum,Pack Size: 12gm,Rs 622
Aqua D,Matrix,Pack Size: 10ml,Rs 396
AD Folic 600mcg,Pharm Evo,Pack Size: 3x10's,Rs 203
Adapco Forte Gel 15G,Atco,Pack Size: 1's,Rs 391
Apizyt 120 ml syrup,Hinucon,Pack Size: 120ml,Rs 252
Aquavit,Wilson's,Pack Size: 10,Rs 19
Alcuflex 550mg,ICI Pakistan Limited,Pack Size: 20's,Rs 192
Amorin,Mass-PH Health,Pack Size: 10x10's,Rs 178
Actifed-DM,GlaxoSmithKline,Pack Size: 90ml,Rs 132
Avsar,Pharm Evo,Pack Size: 2x7's,Rs 222
Ampress 10mg Tablet,Barrett,Pack Size: 20,Rs 180
Aminovel 600mg Injection,Otsuka,Pack Size: 500ml,Rs 815
Atenolol 100mg,Zafa,Pack Size: 2x10's,Rs 59
Alzilo,Searle,Pack Size: 1x10's,Rs 182
Amgydex Eye Drop 5ml,Kobec,Pack Size: 1,Rs 194
Actiflor,Pharm Evo,Pack Size: 1x10's,Rs 50
Ampiclox Drop 90mg,GlaxoSmithKline,Pack Size: 20ml,Rs 113
Awardin Plus,Werick,Pack Size: 2 x 10's,Rs 237
Amgy,Kobec,Pack Size: 5ml,Rs 135
Amlocard 10,Pharmatec,Pack Size: 2 x 10's,Rs 209
A2A,Wilson's,Pack Size: 2 x 10's,Rs 137
Amlocard 5,Pharmatec,Pack Size: 2 x 10's,Rs 107
Amclav,Getz Pharma,Pack Size: 20 ml,Rs 161
Acetra,Amarant,Pack Size: 1 x 10's,Rs 155
Angiwell,Aspin Pharma,Pack Size: 2 x 7's,Rs 183
Acicon,Barrett,Pack Size: 1x10,Rs 232
AM-Telsan,Hilton,Pack Size: 2x7's,Rs 221
Aminophylline,LCPW,Pack Size: 50 ampx10 ml,Rs 468
Agolix,Hirani's Pharma,Pack Size: 60 ml,Rs 94
Agolix,Hirani's Pharma,Pack Size: 1 x 10's,Rs 200
Aireez,Pharm Evo,Pack Size: 14's,Rs 265
Amisped,Sanofi,Pack Size: 14's,Rs 202
Asthiven,Scilife,Pack Size: 14 sachet,Rs 225
Asthiven,Scilife,Pack Size: 14's,Rs 176
Avsar Plus,Pharm Evo,Pack Size: 4 x 7's,Rs 96
Am-Telsan,Hilton,Pack Size: 2x7's,Rs 238
Advacort 0.1% 10g,Atco,Pack Size: 10gm,Rs 216
Avsar Plus,Pharm Evo,Pack Size: 4x7's,Rs 107
Amoxil,GlaxoSmithKline,Pack Size: 5x20's,Rs 273
Atorva,Pharmatec,Pack Size: 10,Rs 574
Aurora,Ferozsons,Pack Size: 1x10's,Rs 488
Arynoin-Plus Gel 10g,Pharma Health,Pack Size: 10 gm,Rs 425
Amico-M Sugar Free,Amarant,Pack Size: 120ml,Rs 383
Atmos,Scotman,Pack Size: 1x10's,Rs 233
Amity,Scotman,Pack Size: 60ml,Rs 158
Amity,Scotman,Pack Size: 60ml,Rs 180
Amity,Scotman,Pack Size: 1x10's,Rs 190
Amity,Scotman,Pack Size: 1x10's,Rs 286
Advance,Scotman,Pack Size: 1x10's,Rs 144
Amak,Hudson Pharma's,Pack Size: 5's,Rs 125
Amak,Hudson Pharma's,Pack Size: 5's,Rs 250
Amak,Hudson Pharma's,Pack Size: 1's,Rs 165
Avsar Plus,Pharm Evo,Pack Size: 4x7's,Rs 449
Atem,Chiesi,Pack Size: 2x5's 2ml,Rs 540
Adablizer,Adamjee Pharmaceuticals,Pack Size: 3x10's,Rs 160
Adapco,Atco,Pack Size: 15gm,Rs 268
Avodart,GlaxoSmithKline,Pack Size: 3x10's,"Rs 3,833"
All Purpose Nipple Ointment (APNO),Nigehban,Pack Size: 30gm,Rs 450
Amodip,Mass-PH Health,Pack Size: 3x10's,Rs 621
Amoxi-Clav,Sandoz,Pack Size: 2x3's,Rs 66
Azocam,Le Mendoza,Pack Size: 2x5's,Rs 270
Aireez,Pharm Evo,Pack Size: 3x10's,Rs 431
Am-Descol,Nabi Qasim,Pack Size: 2x7's,Rs 163
Amodip-V,Mass-PH Health,Pack Size: 2x7's,Rs 293
Aireez,Pharm Evo,Pack Size: 3x10's,Rs 90
Aproxen,Schazoo Pharmaceuticals,Pack Size: 3x10s,Rs 71
Asthiven,Scilife,Pack Size: 1x14's,Rs 189
Alfa-D,Platinum,Pack Size: 1x10's,Rs 360
Abri Flex Adult Pull-up - Extra Large,Abena,Pack Size: 14 Pcs.,"Rs 7,110"
Amodip.,Mass-PH Health,Pack Size: 3x10's,Rs 107
Agnar,Getz Pharma,Pack Size: 3 x 10's,Rs 810
Aquazole,Martin Dow,Pack Size: 20 gm,Rs 198
Altin-Met,ICI Pakistan Limited,Pack Size: 2 x 7's,Rs 232
Am-Telsan,Hilton,Pack Size: 2 x 7's,Rs 281
Amoxi-Clav,Sandoz,Pack Size: 3 x 2's,Rs 83
Aripan,Cell Laboratories,Pack Size: 3 x 10's,Rs 171
Aceclocare,Titlis Pharma,Pack Size: 1 x 10's,Rs 107
Acuron,Brookes,Pack Size: 5 Amp x 5 ml,Rs 318
Apitent,Sois Life Sciences,Pack Size: 120 ml,Rs 162
Avaam,ICI Pakistan Limited,Pack Size: 2 x 7's,Rs 304
Alkeris-SR,Sami,Pack Size: 3 x 10's,Rs 126
A-Glip,Atco,Pack Size: 1 x 14's,Rs 356
Acukat,Genix,Pack Size: 5 ml,Rs 383
Azineu,Neutro,Pack Size: 1 x 6's,Rs 142
Am-Telsan,Hilton,Pack Size: 2 x 7's,Rs 578
Artem Plus,Hilton,Pack Size: 30 ml,Rs 245
Adrance-M,Atco,Pack Size: 2 x 7's,Rs 124
Adrance-M,Atco,Pack Size: 2 x 7's,Rs 113
Adrance-M,Atco,Pack Size: 2 x 7's,Rs 203
Adrance-M,Atco,Pack Size: 2 x 7's,Rs 144
Adrance-M,Atco,Pack Size: 2 x 7's,Rs 158
Amsart,Macter,Pack Size: 1 x 14's,Rs 441
Amsart,Macter,Pack Size: 1 x 14's,Rs 315
Amis,Rite pharma,Pack Size: 1 x 10's,Rs 304
Amis,Rite pharma,Pack Size: 1 x 10's,Rs 836
Adrance,Atco,Pack Size: 1 x 14's,Rs 540
Anplag,Pharm Evo,Pack Size: 2 x 7's,Rs 286
Admit,Shaigan,Pack Size: 1 x 14's,Rs 405
Adrance,Atco,Pack Size: 1 x 14's,Rs 360
Aminoleban Liquid,Otsuka,Pack Size: 500 ml,Rs 829
Atizor,Hirani's Pharma,Pack Size: 25 ml,Rs 284
Amsart,Macter,Pack Size: 2 x 7's,Rs 188
Alkeris,Sami,Pack Size: 3 x 10's,Rs 96
Antial,Sami,Pack Size: 2 x 10's,Rs 149
Av-Sartan,Barrett,Pack Size: 1 x 14's,Rs 342
Actrac,Serving Health Pakistan,Pack Size: 3 x 10's,"Rs 1,831"
Advit-D,Martin Dow,Pack Size: 1 x 1 ml Ampoule Oral /,Rs 162
Aromek,Galaxy,Pack Size: 10 Tablets Bottle,"Rs 3,042"
Afdol,AGP,Pack Size: 120 ml,Rs 990
Afdol,AGP,Pack Size: 1 x 14's,Rs 504
Algocin,AGP,Pack Size: 1 x 10's,Rs 198
Algocin,AGP,Pack Size: 1 x 10's,Rs 315
All-D,AGP,Pack Size: 10 ml,Rs 270
Avec,Platinum,Pack Size: 1 x 20's,Rs 130
Avec,Platinum,Pack Size: 120 ml,Rs 125
Azocam-DS,Le Mendoza,Pack Size: 1 x 6's,Rs 265
Amstan,Scilife,Pack Size: 1 x 14's,Rs 541
Amstan,Scilife,Pack Size: 1 x 14's,Rs 466
Address,Scotmann,Pack Size: 4 x 7's,Rs 191
Abriva Plus,CCL,Pack Size: 4 x 7's,"Rs 2,833"
ARBI,Pharm Evo,Pack Size: 1 x 10's,Rs 256
ARBI,Pharm Evo,Pack Size: 1 x 10's,Rs 324
ARBI,Pharm Evo,Pack Size: 1 x 10's,Rs 383
ARBI-D,Pharm Evo,Pack Size: 1 x 10's,Rs 460
ARBI-D,Pharm Evo,Pack Size: 2 x 7's,Rs 328
Acefyl 60 ml (brown),Nabi Qasim,Pack Size: 60 ml,Rs 46
Admit,Shaigan,Pack Size: 2 x 7's,Rs 203
Azitma,Sami,Pack Size: 15 ml,Rs 198
Avega,hanzala pharmaceuticals,Pack Size: 1 x 10's,Rs 886
Avega,hanzala pharmaceuticals,Pack Size: 1 x 10's,"Rs 1,386"
Actrapid HM Penfill,Novo Nordisk,Pack Size: 1 x 3 ml,Rs 352
Atorva,Pharmatec,Pack Size: 2 x 10's,Rs 268
Alphacoline,High-Q,Pack Size: 10 Amp,Rs 264
Aromasin 25 mg,Pfizer,Pack Size: 1 x 15's,"Rs 7,009"
Ansaid 100mg Tablet,Pfizer,Pack Size: 3x10's,Rs 97
Actogin,Atco,Pack Size: 2x7's,Rs 253
Arinac Forte,Abbott Laboratories,Pack Size: 10x10's,Rs 96
Aripip 10mg,Pharmatec,Pack Size: 30,Rs 144
Amoxil,GlaxoSmithKline,Pack Size: 1 x 20's,Rs 273
Adalat LA,Bayer,Pack Size: 20,Rs 329
Arinac Tab,Abbott Laboratories,Pack Size: 10x10's,Rs 49
Aripip 15mg,Pharmatec,Pack Size: 3x10's,Rs 192
Arimidex 1mg,ICI Pakistan Limited,Pack Size: 2x14's,"Rs 5,356"
Avelox,Bayer,Pack Size: 1x5's,Rs 938
Atarax,GlaxoSmithKline,Pack Size: 2 x 25's,Rs 65
Ascard Plus,Atco,Pack Size: 10,Rs 215
Alp,Hilton,Pack Size: 3x10's,Rs 85
Amoxil 250 Mg,GlaxoSmithKline,Pack Size: 5x20's,Rs 113
AM-Descol,Nabi Qasim,Pack Size: 2 x 7's,Rs 186
Alphagan,Wyeth,Pack Size: 5ml,Rs 724
Atorva,Pharmatec,Pack Size: 10s,Rs 277
Adoxa 100mg,Pharma Health,Pack Size: 30,Rs 75
Axcin,Novartis,Pack Size: 1x10's,Rs 315
Alfa-D 0.5mcg,Platinum,Pack Size: 1,Rs 270
Azomax,Novartis,Pack Size: 15ml,Rs 338
Artholex Advanced,Celven Life Sciences,Pack Size: 3 x 10's,Rs 324
Aerokast,Barrett,Pack Size: 14's,Rs 432
Advantan Fatty Ointment,Bayer,Pack Size: 10gm,Rs 239
Advantan Ointment,Bayer,Pack Size: 10gm,Rs 266
Augmentin  Infant Drops 62.5mg/ml,GlaxoSmithKline,Pack Size: 20 ml,Rs 164
Artem Plus,Hilton,Pack Size: 1x6's,Rs 513
Anafortan Plus,AGP,Pack Size: 3x10's,Rs 224
Ampress 5mg,Barrett,Pack Size: 20,Rs 90
Acicon 20mg,Barrett,Pack Size: 10,Rs 128
Acylex 200mg,Ferozsons,Pack Size: 5x5's,Rs 71
Ampiclox Syrup 250mg/ 5ml,GlaxoSmithKline,Pack Size: 90ml,Rs 205
Ampiclox 250mg,GlaxoSmithKline,Pack Size: 5x20's,Rs 146
Ampiclox 500mg,GlaxoSmithKline,Pack Size: 5x20,Rs 248
Apsin 40mg,Saffron,Pack Size: 1 x 10's,Rs 204
Acylex 400mg,Ferozsons,Pack Size: 2x10's,Rs 270
Abocal,Abbott Laboratories,Pack Size: 1x10's,Rs 257
Acyclovir,Abbott Laboratories,Pack Size: 10 ml,"Rs 1,304"
ACYLEX (Acyclovir) 200mg/5ml 60 ML SUSPENSION,Ferozsons,Pack Size: 60ml,Rs 495
Advantan Cream 10g,Bayer,Pack Size: 10gm,Rs 266
Aerokast 4mg Tab,Barrett,Pack Size: 1,Rs 228
Anafortan Plus,AGP,Pack Size: 6 Amp x 4ml,Rs 111
Atorva,Pharmatec,Pack Size: 10's,Rs 494
Augmentin,GlaxoSmithKline,Pack Size: 90ml,Rs 310
Aurora,Ferozsons,Pack Size: 1x10's,Rs 183
Aerokast Powder Sachet 4mg,Barrett,Pack Size: 1,Rs 25
AMOXIL FORTE 250mg 90 ML SYP,GlaxoSmithKline,Pack Size: 90ml,Rs 158
Amplus 500mg,Bosch,Pack Size: 1 Vial,Rs 70
Aerokast 5mg Tab,Barrett,Pack Size: 14's,Rs 272
Avsar,Pharm Evo,Pack Size: 2x7's,Rs 177
Antolol,Icon,Pack Size: 20s,Rs 135
Atenorm,Ferozsons,Pack Size: 20s,Rs 137
Atenorm,Ferozsons,Pack Size: 14s,Rs 63
Atlin,Bosch,Pack Size: 20s,Rs 54
Actim,Sami,Pack Size: 14s,Rs 216
Actim,Sami,Pack Size: 14s,Rs 148
Amaryl,Sanofi,Pack Size: 2x15's,Rs 140
Amaryl,Sanofi,Pack Size: 2x15's,Rs 277
Amaryl,Sanofi,Pack Size: 2x15's,Rs 416
Amaryl,Sanofi,Pack Size: 2x15's,Rs 554
Amaryl M S.R,Sanofi,Pack Size: 30s,Rs 189
Amaryl-M.S.R,Sanofi,Pack Size: 3 x 10's,Rs 340
Andrex,OBS,Pack Size: 3x10's,Rs 288
Atcomid,Atco,Pack Size: 14,Rs 572
Atcomid,Atco,Pack Size: 14,Rs 432
Albizole,Icon,Pack Size: 1,Rs 99
Acuron,Brookes,Pack Size: 5 Ampx3ml,Rs 132
Acetofen,Shaigan,Pack Size: 100,Rs 44
Ambrogesic,Icon,Pack Size: 10x10s,Rs 32
Agile,Wilshire,Pack Size: 2x10's,Rs 117
Agile,Wilshire,Pack Size: 10,Rs 235
Analar,AGP,Pack Size: 1x10's,Rs 133
Amodip-V,Mass-PH Health,Pack Size: 2x7's,Rs 259
Amodip-V,Mass-PH Health,Pack Size: 2x7's,Rs 187
Amstan,Scilife,Pack Size: 28,Rs 479
Amstan,Scilife,Pack Size: 28,Rs 347
Angiotan H,Efroze,Pack Size: 14,Rs 302
Advant,Getz Pharma,Pack Size: 2 x 7's,Rs 236
Advant,Getz Pharma,Pack Size: 2 x 7s,Rs 180
Advantec,Getz Pharma,Pack Size: 4 x 7's,Rs 236
Aprovel,Sanofi,Pack Size: 28,Rs 599
Aprovel,Sanofi,Pack Size: 2x14s,"Rs 1,677"
A2A,Wilson's,Pack Size: 10,Rs 243
A2A,Wilson's,Pack Size: 20,Rs 259
Adenuric,S.J. & G. Fazul Ellahie,Pack Size: 20,Rs 293
Adronil,Searle,Pack Size: 1x1's,Rs 676
Atconate,Atco,Pack Size: 1,Rs 594
Aldomet,OBS,Pack Size: 10x10's,Rs 110
Azotek,Saffron,Pack Size: 6,Rs 214
Azotek,Saffron,Pack Size: 1 x 6's,Rs 393
Azopt,Novartis,Pack Size: 5ml,"Rs 1,440"
Afoxin,AGP,Pack Size: 1x10's,Rs 216
Afoxin,AGP,Pack Size: 1x10's,Rs 396
Acireg,Barrett,Pack Size: 2 x 7's,Rs 100
Acireg,Barrett,Pack Size: 14,Rs 225
Arysa,Helix Pharma,Pack Size: 2x7's,Rs 104
Arysa,Helix Pharma,Pack Size: 2x7's,Rs 145
Axesom,Highnoon,Pack Size: 2x7's,Rs 110
Axesom,Highnoon,Pack Size: 2x7's,Rs 187
Axid Neo,AGP,Pack Size: 2x7's,Rs 112
Axid Neo,AGP,Pack Size: 2x7's,Rs 187
Acnesafe,Epla,Pack Size: 30ml,Rs 203
Amoxi-Clav,Novartis,Pack Size: 2x3s,Rs 83
Augmentin,GlaxoSmithKline,Pack Size: 35ml,Rs 180
Augmentin,GlaxoSmithKline,Pack Size: 1x6's,Rs 226
Acsolve,Atco,Pack Size: 10gm,Rs 158
Acsolve,Atco,Pack Size: 30ml,Rs 196
Amclav Plus,Getz Pharma,Pack Size: 70 ml,Rs 200
Amclav,Getz Pharma,Pack Size: 60 ml,Rs 99
Amclav-DS,Getz Pharma,Pack Size: 60 ml,Rs 153
Amclav,Getz Pharma,Pack Size: 1 x 6's,Rs 251
Amclav,Getz Pharma,Pack Size: 1 x 6's,Rs 115
Amclav,Getz Pharma,Pack Size: 1 x 6's,Rs 169
Augmentin,GlaxoSmithKline,Pack Size: 20ml,Rs 164
Augmentin DS 312.50mg,GlaxoSmithKline,Pack Size: 90ml,Rs 486
Augmentin BD,GlaxoSmithKline,Pack Size: 70ml,Rs 340
Augmentin BD 1000mg,GlaxoSmithKline,Pack Size: 6,Rs 305
Augmentin,GlaxoSmithKline,Pack Size: 1 x 6's,Rs 235
Amgydex,Kobec,Pack Size: 3.5gm,Rs 216
Atmos,Scotman,Pack Size: 1x10's,Rs 148
Aloc,Bosch,Pack Size: 1x10's,Rs 165
Aloc,Bosch,Pack Size: 1x10's,Rs 180
Alofex,Derma Techno,Pack Size: 1x10's,Rs 157
Atiza,Asian Continental,Pack Size: 3x10's,Rs 81
Avil,Sanofi,Pack Size: 50 Ampx2ml,Rs 45
Avil,Sanofi,Pack Size: 5x50's,Rs 56
Amdaquin,Zafa,Pack Size: 20x10's,Rs 19
A-Fantrine,Atco,Pack Size: 10 Ampx1ml,Rs 41
Artem,Hilton,Pack Size: 10 Amp,Rs 91
Artem,Hilton,Pack Size: 6 Amp,Rs 191
Artemex,Schazoo Pharmaceuticals,Pack Size: 6 Amp,Rs 95
Arteza,Zafa,Pack Size: 6 Ampx1ml,Rs 39
A-Fantrine,Atco,Pack Size: 60ml,Rs 174
A-Fantrine,Atco,Pack Size: 2x8's,Rs 122
A-Fantrine Ds,Atco,Pack Size: 1 x 8's,Rs 334
A-Fantrine BD,Atco,Pack Size: 1 x 6's,Rs 382
Arceva,Sami,Pack Size: 30ml,Rs 137
Arceva,Sami,Pack Size: 60ml,Rs 229
Arceva Ds,Sami,Pack Size: 30ml,Rs 229
Arceva,Sami,Pack Size: 2x8's,Rs 248
Arceva,Sami,Pack Size: 1x8's,Rs 372
Artelum,Wood Wards,Pack Size: 1 x 4's,Rs 429
Artem Plus,Hilton,Pack Size: 30ml,Rs 182
Artem Plus 60ml,Hilton,Pack Size: 60ml,Rs 295
Artem Plus,Hilton,Pack Size: 2 x 8's,Rs 278
Artem DS Plus,Hilton,Pack Size: 1x8's,Rs 410
Artemex L Forte,Schazoo Pharmaceuticals,Pack Size: 1 x 6's,Rs 448
Artheget,Getz Pharma,Pack Size: 1 x 6's,Rs 465
Artheget,Getz Pharma,Pack Size: 30 ml,Rs 119
Artheget,Getz Pharma,Pack Size: 2 x 8's,Rs 113
Artheget-DS,Getz Pharma,Pack Size: 1 x 8's,Rs 372
Artedoxin,Efroze,Pack Size: 1x9's,Rs 95
Artesul,Zafa,Pack Size: 1x9's,Rs 116
Artepip,Helix Pharma,Pack Size: 1x8's,Rs 317
Avanep,Atco,Pack Size: 5ml,Rs 450
Athofix,Zaka Healthcare,Pack Size: 1x6's,Rs 211
Athofix,Zaka Healthcare,Pack Size: 15ml,Rs 198
Atizor,Hirani's Pharma,Pack Size: 15ml,Rs 144
Atizor,Hirani's Pharma,Pack Size: 1 x 6's,Rs 218
Atizor,Hirani's Pharma,Pack Size: 1 x 6's,Rs 399
Azibect,Bryon,Pack Size: 1x6's,Rs 185
Azibect,Bryon,Pack Size: 1x3's,Rs 156
Azibect,Bryon,Pack Size: 15ml,Rs 206
Azicure,Semos,Pack Size: 1x6's,Rs 173
Azicure,Semos,Pack Size: 1x6's,Rs 329
Azicure,Semos,Pack Size: 15ml,Rs 185
Azilis,Titlis Pharma,Pack Size: 1x10's,Rs 230
Azineu,Neutro,Pack Size: 1x6's,Rs 270
Azocin,Epla,Pack Size: 1x10's,Rs 315
Azocin,Epla,Pack Size: 15ml,Rs 153
Azogil,Glitz,Pack Size: 1x10's,Rs 264
Azomax,Novartis,Pack Size: 2x6's,Rs 313
Azomax,Novartis,Pack Size: 25ml,Rs 432
Azomax,Novartis,Pack Size: 2x3's,Rs 224
Acetin,Genome Pharma,Pack Size: 3x10's,Rs 698
Asset,Crystolite Pharma,Pack Size: 3x10's,Rs 692
Acne-Lene,Valor,Pack Size: 15gm,Rs 221
Acne-Lene,Valor,Pack Size: 15gm,Rs 307
Adapco cream,Atco,Pack Size: 15gm,Rs 268
Adapco Forte Gel,Atco,Pack Size: 15gm,Rs 428
Amikacin Inj,Zafa,Pack Size: 1 vialx4ml,Rs 180
Amikacin,Zafa,Pack Size: 1 vialx2ml,Rs 145
Amikin,GlaxoSmithKline,Pack Size: 2ml,Rs 152
Amikin,GlaxoSmithKline,Pack Size: 2ml,Rs 481
Amisul,Ophth Pharma,Pack Size: 1 Vialx2ml,Rs 159
Amkay,Bosch,Pack Size: 5 Ampx2ml,Rs 63
Amkay,Bosch,Pack Size: 5 Ampx1ml,Rs 32
Amkay,Bosch,Pack Size: 1 Ampx2ml,Rs 114
Amkay,Bosch,Pack Size: 5 Ampx1ml,Rs 39
Amkay,Bosch,Pack Size: 1,Rs 226
Arix,Tabletros,Pack Size: 3x10's,Rs 55
Arynoin,Mass-PH Health,Pack Size: 3x10's,Rs 898
Atractin,Genome Pharma,Pack Size: 1x10's,"Rs 1,845"
Atractin,Genome Pharma,Pack Size: 3x10's,Rs 615
Asilix,Asian Continental,Pack Size: 1x10's,Rs 194
Asilix,Asian Continental,Pack Size: 1x10's,Rs 270
Atcoflox,Atco,Pack Size: 10s,Rs 124
Allerwood,Wood Wards,Pack Size: 10s,Rs 102
Arceva,Sami,Pack Size: 6s,Rs 465
Arlufa,Zafa,Pack Size: 2x8s,Rs 194
Artecxin Forte,Highnoon,Pack Size: 1x8's,Rs 308
Artecxin,Highnoon,Pack Size: 2x8's,Rs 308
Artecxin,Highnoon,Pack Size: 2x8's,Rs 189
Artelum Forte,Wood Wards,Pack Size: 8s,Rs 362
Artelum,Wood Wards,Pack Size: 30ml,Rs 123
Artelum,Wood Wards,Pack Size: 60ml,Rs 247
Artelum,Wood Wards,Pack Size: 2x8s,Rs 180
Acizol,Leo-Zam Zam,Pack Size: 1x14,Rs 162
Acizol,Leo-Zam Zam,Pack Size: 1x14,Rs 141
Abnil,AGP,Pack Size: 1 x 30's,"Rs 1,683"
Actrapid HM Vial,Novo Nordisk,Pack Size: 10ml,Rs 825
Apidra,Sanofi,Pack Size: 5 pre filled pen x 3ml,Rs 955
Amper,Nexpharm,Pack Size: 1x10 's,Rs 135
Amper,Nexpharm,Pack Size: 1x10 's,Rs 266
Amygra,Tabroos,Pack Size: 20's,Rs 155
Aldactone,Searle,Pack Size: 1x10's,Rs 119
Aldactone-A,Searle,Pack Size: 1x100's,Rs 297
Acylex 5%,Ferozsons,Pack Size: 5gm,Rs 210
Angiwell - XR 500 mg,OBS,Pack Size: 14,Rs 158
Avsar,Pharm Evo,Pack Size: 2x7's,Rs 270
Acdermin Gel,Atco,Pack Size: 20gm,Rs 331
Aerocef,Raazee,Pack Size: 5's,Rs 302
Abzid,Semos,Pack Size: 1 Vial,Rs 248
Abzid,Semos,Pack Size: 1 Vial,Rs 130
Abex,Semos,Pack Size: 1 Vial,Rs 180
Abex,Semos,Pack Size: 1 Vial,Rs 162
Aczon,Global-Vision,Pack Size: 1 Vial,Rs 234
Aczon,Global-Vision,Pack Size: 1 Vial,Rs 108
Amizone,Global-Vision,Pack Size: 1 Vial,Rs 153
Amtraxa,Amarant,Pack Size: 1 Vial,Rs 366
Amtraxa,Amarant,Pack Size: 1 Vial,Rs 115
Amtraxa,Amarant,Pack Size: 1 Vial,Rs 194
Aventriax,Sanofi,Pack Size: 1 Vial,Rs 515
Aventriax,Sanofi,Pack Size: 1 Vial,Rs 162
Aventriax,Sanofi,Pack Size: 1 Vial,Rs 197
AD Folic,Pharm Evo,Pack Size: 3x10's,Rs 93
Amlo-Q,High-Q,Pack Size: 2x10's,Rs 102
Acecol,Pharmadic,Pack Size: 10's,Rs 108
Acelish,Platinum,Pack Size: 30,Rs 62
Acelo,Maple,Pack Size: 3x10's,Rs 248
Acemed,Novartis,Pack Size: 1x10's,Rs 108
Acenac,S.J. & G. Fazul Ellahie,Pack Size: 5 Ampules,Rs 38
Acenac,S.J. & G. Fazul Ellahie,Pack Size: 30's,Rs 141
Acenac,S.J. & G. Fazul Ellahie,Pack Size: 3x10's,Rs 115
Airtal,Highnoon,Pack Size: 2x10's,Rs 163
Airtal ER,Highnoon,Pack Size: 1X10s,Rs 288
Antiflam,Wilshire,Pack Size: 3x10's,Rs 66
Artimov-K,Barrett,Pack Size: 2 x 10's,Rs 81
Aaram,Bosch,Pack Size: 5 Ampx2ml,Rs 23
Arsofin,Martin Dow,Pack Size: 1 x 20's,Rs 239
Arsofin,Martin Dow,Pack Size: 2x10's,Rs 239
Artho,Shaigan,Pack Size: 20's,Rs 263
Annuva,Novartis,Pack Size: 2x10's,Rs 92
Acefyl Cough,Nabi Qasim,Pack Size: 120ml,Rs 127
Ascard,Atco,Pack Size: 3x10's,Rs 30
Atarax 10mg,GlaxoSmithKline,Pack Size: 2x25's,Rs 34
Arinac,Abbott Laboratories,Pack Size: 120ml,Rs 118
Arrange Product,Dawaai,Pack Size: 1,Rs 446
Amoxil Drops,GlaxoSmithKline,Pack Size: 20ml,Rs 99
Acefyl wet Cough 60 ml -125,Nabi Qasim,Pack Size: 60ml,Rs 95
Amoxil,GlaxoSmithKline,Pack Size: 90ml,Rs 113
Antolol,Icon,Pack Size: 2x10s,Rs 42
Algaphan,Efroze,Pack Size: 20,Rs 26
Albizole,Icon,Pack Size: 1,Rs 64
Alkacitron,PDH,Pack Size: 120 ml,Rs 42
Augmentin,GlaxoSmithKline,Pack Size: 1 Vial,"Rs 1,035"
Aloc,Bosch,Pack Size: 1x10's,Rs 91
Alofex,Derma Techno,Pack Size: 1x10's,Rs 70
Atiza,Asian Continental,Pack Size: 60ml,Rs 62
Amdaquin,Zafa,Pack Size: 20ml,Rs 37
Artedoxin-P,Efroze,Pack Size: 1x8's,Rs 60
Artesul,Zafa,Pack Size: 1x8's,Rs 73
Amikacin,Zafa,Pack Size: 1 vialx2ml,Rs 42
Amikacin Inj,Zafa,Pack Size: 1 vialx2ml,Rs 88
Amisul,Ophth Pharma,Pack Size: 1 Vialx2ml,Rs 71
Arix,Tabletros,Pack Size: 60ml,Rs 75
Aria,Highnoon,Pack Size: 60ml,Rs 65
Asfen,Remington,Pack Size: 60 ml,Rs 75
Asfen,Remington,Pack Size: 3x10s,Rs 27
Asperfin,Davis Pharma,Pack Size: 3x10s,Rs 31
Asthotifen,Zafa,Pack Size: 60ml,Rs 92
Asthotifen,Zafa,Pack Size: 30s,Rs 42
Allerwood,Wood Wards,Pack Size: 30ml,Rs 32
Allerwood,Wood Wards,Pack Size: 60ml,Rs 96
Antial,Sami,Pack Size: 30ml,Rs 76
Artecxin,Highnoon,Pack Size: 30ml,Rs 90
Acetopril,Zafa,Pack Size: 2 x 10's,Rs 58
Aldactazide,Searle,Pack Size: 2 x 10's,Rs 40
Anamol,PDH,Pack Size: 60ml,Rs 40
Abzid,Semos,Pack Size: 1 Vial,Rs 100
Abex,Semos,Pack Size: 1 Vial,Rs 65
Aczon,Global-Vision,Pack Size: 1 Vial,Rs 95
Acenac,S.J. & G. Fazul Ellahie,Pack Size: 20gm,Rs 97
Avorek,Asian Continental,Pack Size: 2x10's,Rs 53
Arnil,Brookes,Pack Size: 2x10's,Rs 60
Acabel,Continental Pharma,Pack Size: 1 Vialx2ml,Rs 85
Artilide,Global-Vision,Pack Size: 2x10's,Rs 47
Anapaz,Hilton,Pack Size: 10ml,Rs 72
Aslow-81,Helix Pharma,Pack Size: 3x10's,Rs 11
Angised,GlaxoSmithKline,Pack Size: 6 x 10's,Rs 17
Atmos,Scotman,Pack Size: 60ml,Rs 99
Advance,Scotman,Pack Size: 60ml,Rs 94
Amak,Hudson Pharma's,Pack Size: 1's,Rs 97
Acefyl (Wet Cough),Nabi Qasim,Pack Size: 125ml,Rs 98
Avil,Sanofi,Pack Size: 90ml,Rs 90
Amplus,Bosch,Pack Size: 1 x 2 ml,Rs 88
Ardfenac,Ardin,Pack Size: 10x10's,Rs 27
Ardfenac,Ardin,Pack Size: 3x10's,Rs 59
Ardfenac,Ardin,Pack Size: 200's,Rs 230
Ardi,English Pharma,Pack Size: 3x10's,Rs 46
Arthonil,Batala Pharma,Pack Size: 200's,Rs 213
Artifen,Abbott Laboratories,Pack Size: 5 Ampx3ml,Rs 113
Axflam,Alina,Pack Size: 10 Ampx3ml,Rs 22
Axifen,Axis,Pack Size: 30's,Rs 162
Arcox,MAQ,Pack Size: 1x10's,Rs 214
Atcopram 10mg,Atco,Pack Size: 14,Rs 226
Adaxit,Polyfine,Pack Size: 30's,Rs 243
Acti-joint,Acti-Med Pharma,Pack Size: 15's,Rs 293
Acti-joint,Acti-Med Pharma,Pack Size: 30's,Rs 360
Arthicare,Searle,Pack Size: 20's,"Rs 42,352"
Arthicare,Searle,Pack Size: 60's,"Rs 1,251"
Arthroflex Max,Highnoon,Pack Size: 5 sachets,Rs 49
Aksofen,Akson,Pack Size: 25x10's,Rs 14
Ambrofen,Jawa,Pack Size: 90ml,"Rs 2,027"
Ambrofen,Jawa,Pack Size: 50x10's,Rs 6
Ambrofen,Jawa,Pack Size: 25x10's,Rs 13
Artijesic,Medisearch,Pack Size: 450ml,Rs 122
Artijesic,Medisearch,Pack Size: 25x10's,Rs 14
Arufen,Progressive,Pack Size: 200's,Rs 158
Azofin,Al Kemy,Pack Size: 10x10's,Rs 14
Azofin,Al Kemy,Pack Size: 25x10's,Rs 11
Aidra,Wilshire,Pack Size: 30's,Rs 504
Aidra,Wilshire,Pack Size: 3's,Rs 315
Ariva,Bosch,Pack Size: 30's,Rs 405
Ariva,Bosch,Pack Size: 30's,Rs 594
Aponip,Inno Pharma,Pack Size: 10's,Rs 145
Artex,Pharmadic,Pack Size: 10's,Rs 105
Articam,Stand Pharm,Pack Size: 10's,Rs 124
Al-Napro,Macquins,Pack Size: 2x10's,Rs 59
Al-Napro,Macquins,Pack Size: 2x10's,Rs 110
Alidase,Olive Health Care,Pack Size: 20's,Rs 129
Anaprox,Jinnah Pharma,Pack Size: 2x10's,Rs 64
Aprogesic,Aries,Pack Size: 2x10's,Rs 64
Aprolex,Alliance,Pack Size: 30's,Rs 113
Aprolex,Alliance,Pack Size: 20's,Rs 129
Aproxen,Schazoo Pharmaceuticals,Pack Size: 3x10's,Rs 71
Arthrox,swiss pharma,Pack Size: 3x10's,Rs 39
Arthrox,swiss pharma,Pack Size: 4x5's,Rs 33
Artic,Amarant,Pack Size: 2x10's,Rs 85
Athroxen,Don Valley,Pack Size: 30's,Rs 113
Athroxen,Don Valley,Pack Size: 20's,Rs 119
Amsolide,Amson,Pack Size: 3x10's,Rs 51
Analid,PPP,Pack Size: 2x10's,Rs 64
Aksocam,Akson,Pack Size: 2x10's,Rs 61
Anarom,Caylex,Pack Size: 500's,"Rs 1,987"
Anarom,Caylex,Pack Size: 500's,"Rs 3,312"
Arcam,Saydon,Pack Size: 3x10's,Rs 35
Albocam,Albro,Pack Size: 2x10's,Rs 100
Antixin,Bio Labs,Pack Size: 20's,Rs 158
Afloxan,PCW,Pack Size: 2x10's,Rs 92
Afloxan,PCW,Pack Size: 3x10's,Rs 188
ACT-HIB,Sanofi,Pack Size: 1 pre-filled syringe,"Rs 1,004"
Agrippal S1,Novartis,Pack Size: 1 Pre Filled Syringex0.5ml,Rs 673
Amvax-B,Chiron Biocine-Amson,Pack Size: 1 vialx5ml,Rs 162
Amvax-B,Chiron Biocine-Amson,Pack Size: 1 vialx1ml,Rs 270
Avaxim,Sanofi,Pack Size: 1 pre-filled syringe,Rs 711
Avaxim,Sanofi,Pack Size: 1 pre-filled syringe,"Rs 1,188"
Azafrine 50 mg,Al Habib,Pack Size: 100,"Rs 2,970"
Amtas,Getz Pharma,Pack Size: 2 x 7's,Rs 214
Amtas,Getz Pharma,Pack Size: 2 x 7's,Rs 158
Albumin Human 100ml,Nabi Qasim,Pack Size: 1Vialx100ml,"Rs 11,160"
Albumin Human 50ml,Nabi Qasim,Pack Size: 1Vialx50ml,"Rs 6,648"
Anvol,Aspin Pharma,Pack Size: 1 x 14's,Rs 269
Airflo,Amson,Pack Size: 2x7's,Rs 90
Airflo,Amson,Pack Size: 2x7's,Rs 101
Axal,Amson,Pack Size: 3x10's,Rs 33
Axal,Amson,Pack Size: 3x10's,Rs 60
Axal,Amson,Pack Size: 3x10's,Rs 88
Avor,PCW,Pack Size: 10x10's,Rs 12
Accutane,Aims Pharma,Pack Size: 10's,Rs 626
Acnewin,Maxitech Pharma,Pack Size: 30's,"Rs 1,508"
Arbev,Maxitech Pharma,Pack Size: 1,Rs 493
Alogel Soft Gel capsules,Maxitech Pharma,Pack Size: 20's,Rs 266
Aquazole,Martin Dow,Pack Size: 10gm,Rs 91
Ambac 0.75mg,Bosch,Pack Size: 1 vial,Rs 140
Ambac 1.5 gm,Bosch,Pack Size: 1.5gm,Rs 211
Atem,Chiesi,Pack Size: 5 Vial x 2 ml,Rs 79
Amtas,Getz Pharma,Pack Size: 2 x 7's,Rs 164
Actifed-P Cold,GlaxoSmithKline,Pack Size: 40x10's,Rs 24
Avor,PCW,Pack Size: 10x10's,Rs 18
Analphene,Lisko,Pack Size: 10 x10's,Rs 11
Analin,Medicaids,Pack Size: 10 Amp,Rs 910
Ashtec,E-Lite,Pack Size: 5 Amp,Rs 223
Ashtec,E-Lite,Pack Size: 5 Amp,Rs 288
Astadol,Asta RL,Pack Size: 2x10's,Rs 86
Atopalm Moisturizing Body Wash 300ml,Others,Pack Size: 1,"Rs 2,633"
Angiocard SR,Biogenics,Pack Size: 3x10's,Rs 108
Amparcet,Aims Pharma,Pack Size: 20x10's,Rs 6
Axamol,Axis,Pack Size: 20x10's,Rs 6
Amole Plus,Libra,Pack Size: 1x200's,Rs 198
Apecirin,Alfalah Pharma,Pack Size: 1000's,Rs 162
Apecirin,Alfalah Pharma,Pack Size: 200's,Rs 109
Ascamol,Eros,Pack Size: 1000's,Rs 270
Aspirin,Ideal,Pack Size: Jarx1000's,Rs 315
Aspirin,Nawab sons,Pack Size: 1000's,Rs 155
Arbev,Well.pk,Pack Size: 10x10,Rs 36
Acnewin,Wns Field,Pack Size: 10s,Rs 467
Aminophylline,Unexo,Pack Size: 1000's,Rs 212
Amphiline,E-Lite,Pack Size: 50 ampx10 ml,Rs 315
Asmolin,Irza,Pack Size: 1000's,Rs 225
Aeromax,Shrooq,Pack Size: 10's,Rs 180
Aeromax,Shrooq,Pack Size: 10's,Rs 117
Aireez,Pharm Evo,Pack Size: 30's,Rs 702
Aireez,Pharm Evo,Pack Size: 30's,Rs 486
Airex,Biorex,Pack Size: 14's,Rs 279
Airex,Biorex,Pack Size: 14's,Rs 216
Airvent,Shrooq,Pack Size: 14 sachet,Rs 151
Albokast,Albro,Pack Size: 2x7's,Rs 160
Albokast,Albro,Pack Size: 2x7's,Rs 108
Alerkast,Medifine,Pack Size: 14's,Rs 266
Alerkast,Medifine,Pack Size: 14's,Rs 180
Allerkast,Benson,Pack Size: 14's,Rs 279
Alukast,Alliance,Pack Size: 14's,Rs 279
Alukast,Alliance,Pack Size: 14's,Rs 216
Amacure,Jawa,Pack Size: 14's,Rs 279
Amacure,Jawa,Pack Size: 14's,Rs 216
Amisped,Sanofi,Pack Size: 14's,Rs 227
Amisped,Sanofi,Pack Size: 14's,Rs 151
Asfree,Medisure,Pack Size: 14's,Rs 189
Asfree,Medisure,Pack Size: 14's,Rs 149
Asmakast,Epla,Pack Size: 14's,Rs 227
Asmakast,Epla,Pack Size: 14's,Rs 171
Asmakast,Epla,Pack Size: 14's,Rs 126
Asmax,Epharm,Pack Size: 14's,Rs 279
Asmax,Epharm,Pack Size: 14's,Rs 216
Astel,Fynk,Pack Size: 14's,Rs 279
Awakast,Usawa,Pack Size: 2x7's,Rs 140
Awakast,Usawa,Pack Size: 2x7's,Rs 90
Aerolin,Ankaz,Pack Size: 1000's,Rs 407
Aerolin,Ankaz,Pack Size: 1000's,Rs 628
Astamol,Siza,Pack Size: 10 Amp,Rs 103
Asthamol,Epoch,Pack Size: 250's,Rs 126
Asthamol,Epoch,Pack Size: 10x10's,Rs 9
Asmanyl,Mediceena,Pack Size: 100's,Rs 105
Asthalin,Eros,Pack Size: 10 x 10's,Rs 12
Adipen,Lisko,Pack Size: 30's,Rs 99
Anifed Tab Retard,Tread Pharma,Pack Size: 50's,Rs 168
Adalat CC Tab,Bayer,Pack Size: 2x10's,Rs 731
Asthiven,Scilife,Pack Size: 2x14's,Rs 126
Alevia,Macter,Pack Size: 30's,Rs 486
Adora Tablet,Dyson R L,Pack Size: 20's,Rs 338
Alprazolam 0.5mg,Pacific Pharma,Pack Size: 3x10's,Rs 67
Agnar,Getz Pharma,Pack Size: 30's,Rs 632
Asunra,Novartis,Pack Size: 5x6's,"Rs 1,914"
Always Diamond Ultra Thin,Always,Pack Size: 1,Rs 342
Actemra,Roche,Pack Size: 0.9ml,"Rs 18,795"
Amodip,Mass-PH Health,Pack Size: 2x10's,Rs 123
Amodip,Mass-PH Health,Pack Size: 2x10's,Rs 360
Astaxan,reign,Pack Size: 30's,Rs 896
Address,Scotman,Pack Size: 1x14's,Rs 208
Address,Scotman,Pack Size: 1x14's,Rs 275
Address,Scotman,Pack Size: 1x14's,Rs 323
AfterBiotic,Scotman,Pack Size: 1x30's,"Rs 1,080"
Acnot,Zafa,Pack Size: 1x21's,Rs 315
Adriblastina,Pfizer,Pack Size: 1 Vial,"Rs 2,479"
Aireez,Pharm Evo,Pack Size: 1x14's,Rs 239
Aventriax,Sanofi,Pack Size: 1 Vial,Rs 117
Aventriax,Sanofi,Pack Size: 1 Vial,Rs 197
Amoxi-Clav,Sandoz,Pack Size: 3x2's,Rs 193
Artelac Nighttime,Bausch + Lomb,Pack Size: 10gm,"Rs 1,215"
Artelac Advanced,Bausch + Lomb,Pack Size: 3x10's Single Dose Units,"Rs 2,841"
Antine,Wise Pharma,Pack Size: 20's,Rs 117
Avastin,Roche,Pack Size: 4ml,"Rs 25,920"
Avastin,Roche,Pack Size: 16ml,"Rs 103,050"
Abriva Plus,CCL,Pack Size: 2 x 14's,"Rs 5,555"
Artem,Hilton,Pack Size: 60 ml,Rs 253
Adrance,Atco,Pack Size: 2 x 7's,Rs 126
Adrance,Atco,Pack Size: 2 x 7's,Rs 207
AZM,Ethical Laboratories,Pack Size: 3 x 10's,Rs 224
Adalat Retard,Bayer,Pack Size: 30s,Rs 51
Adalat LA,Bayer,Pack Size: 20,Rs 373
Alp,Hilton,Pack Size: 3x10's,Rs 51
Alcaine,Alcon Pharma,Pack Size: 1,Rs 230
Ativan,Wyeth,Pack Size: 10x10's,Rs 18
Azolam 0.5mg,Martin Dow Marker,Pack Size: 30,Rs 62
AD3 Supreme Vitamin D3,Sunplus,Pack Size: 1,Rs 99
Arthrotec,Pfizer,Pack Size: 2x10's,Rs 143
Amax Oral,Matrix,Pack Size: 10 ml,Rs 360
Avamys,GlaxoSmithKline,Pack Size: 1,Rs 788
Atopalm Moisturizing Body Lotion,Atopalm,Pack Size: 1,"Rs 2,685"
Avsar 80mg/5mg,Pharm Evo,Pack Size: 2x7,Rs 148
Amoxi- Clav,Novartis,Pack Size: 1x6's,Rs 148
Alzilo,Searle,Pack Size: 1x10's,Rs 303
AMOXIL Forte 250 MG/5ML,GlaxoSmithKline,Pack Size: 90ml,Rs 103
Ativan  2mg,Wyeth,Pack Size: 100,Rs 15
Analgesic,Searle,Pack Size: 20gm,Rs 126
Arcalion,Servier,Pack Size: 2x10's,Rs 140
Aksopressor,Akson,Pack Size: 3x10s,Rs 53
Atelor,Pharmadic,Pack Size: 20s,Rs 95
ATN,Flow Pharma,Pack Size: 20s,Rs 126
Atril,Star,Pack Size: 20s,Rs 135
Amarit,Reko,Pack Size: 2x10s,Rs 54
Amarit,Reko,Pack Size: 2x10s,Rs 72
Amarit Plus,Reko,Pack Size: 30s,Rs 52
Algaphan,Efroze,Pack Size: 100,Rs 107
Aknal,Akhai,Pack Size: 10 Ampx1ml,Rs 69
Aknal,Akhai,Pack Size: 10 Ampx1ml,Rs 59
Analin,Medicaids,Pack Size: 10 Ampx1ml,Rs 82
Analin,Medicaids,Pack Size: 10 Ampx1ml,Rs 69
Acugesic,AL-Hameed,Pack Size: 30,Rs 91
Adolan Sr,Siza,Pack Size: 1x10's,Rs 144
Adolan,Siza,Pack Size: 10 Amp,Rs 29
Abocain,Abbott Laboratories,Pack Size: 5 Ampx10 ml,Rs 20
Abocain,Abbott Laboratories,Pack Size: 5 Ampx2 ml,Rs 61
Anacaine,Akson,Pack Size: 25 Ampx10 ml,Rs 12
Abaglin,Polyfine,Pack Size: 10,Rs 135
Abapen,Bosch,Pack Size: 10,Rs 135
Abapen,Bosch,Pack Size: 10,Rs 180
Aropen,Hygeia,Pack Size: 10,Rs 135
Atcomid,Atco,Pack Size: 20ml,Rs 371
Atcomid,Atco,Pack Size: 14,Rs 466
Albotram,Albro,Pack Size: 30,Rs 180
Albotram,Albro,Pack Size: 3x10's,Rs 444
Abalin,EG Pharma,Pack Size: 14,Rs 315
Amtec,Shrooq,Pack Size: 30,Rs 675
Amtec,Shrooq,Pack Size: 60,Rs 810
Amtec,Shrooq,Pack Size: 60,"Rs 1,080"
Apimate,TG  Pharma,Pack Size: 6x10's,Rs 72
Apimate,TG  Pharma,Pack Size: 6x10's,Rs 135
Awapram,Usawa,Pack Size: 6x10's,Rs 113
Acneklin,Ipharm,Pack Size: 1,Rs 258
Acnemycin,Ambrosia,Pack Size: 1,Rs 288
Atramed,Mediceena,Pack Size: 5 Ampx2.5ml,Rs 81
Atramed,Mediceena,Pack Size: 5 Ampx5ml,Rs 144
Atrelax,Abbott Laboratories,Pack Size: 5 Ampx2.5ml,Rs 107
Atrelax,Abbott Laboratories,Pack Size: 5 Ampx5ml,Rs 207
Acetor,Neo Medix,Pack Size: 10x10s,Rs 16
Angesic,Mass-PH Health,Pack Size: 10x10s,Rs 17
Arcozid,PPP,Pack Size: 10,Rs 101
Arilax,E-Lite,Pack Size: 10 Ampx2 ml,Rs 30
Angiotan,Efroze,Pack Size: 14,Rs 252
Angiotan,Efroze,Pack Size: 14,Rs 176
Amlortan,Genome Pharma,Pack Size: 2x7's,Rs 385
Amlortan,Genome Pharma,Pack Size: 2x7's,Rs 359
Amlortan,Genome Pharma,Pack Size: 2x7 's,Rs 214
Amstan,Scilife,Pack Size: 28,Rs 479
Atasart,Hansel,Pack Size: 2x10s,Rs 178
Atasart,Hansel,Pack Size: 2x10s,Rs 98
AHT,Ethical Laboratories,Pack Size: 10,Rs 180
AHT DIU,Ethical Laboratories,Pack Size: 10,Rs 189
Aceartin,Epla,Pack Size: 2x10s,Rs 90
Angilock,Venus,Pack Size: 2x10s,Rs 113
Anhibit,Medicraft,Pack Size: 20,Rs 101
Anhibit Plus,Medicraft,Pack Size: 20,Rs 135
Artazide,Pharmatec,Pack Size: 2 x 10's,Rs 106
Adenuric,S.J. & G. Fazul Ellahie,Pack Size: 20,Rs 158
Adronate,Jinnah Pharma,Pack Size: 10,Rs 324
Albonate,Albro,Pack Size: 10,Rs 373
Albonate,Albro,Pack Size: 10,"Rs 1,350"
Alendrate,Global Pharma,Pack Size: 10,Rs 139
Alendrate,Global Pharma,Pack Size: 10,Rs 801
Alendrate,Global Pharma,Pack Size: 4,Rs 320
Alendroflex,Novins,Pack Size: 10,Rs 171
Alendroflex,Novins,Pack Size: 10,Rs 900
Alendroflex,Novins,Pack Size: 4,Rs 277
Alendroflex D,Novins,Pack Size: 4,Rs 331
Aminomux,Segionior,Pack Size: 30,"Rs 1,804"
Aminomux,Segionior,Pack Size: 5 Amp,Rs 961
Aminomux,Segionior,Pack Size: 1 Vial,"Rs 2,478"
Aredia,Novartis,Pack Size: 4 Vial,"Rs 1,632"
Actonel,Sanofi,Pack Size: 4,"Rs 1,710"
Actonel,Sanofi,Pack Size: 2x14s,Rs 907
Atconate,Atco,Pack Size: 4,Rs 308
Azebone,Pharmix,Pack Size: 4,Rs 444
Aclasta,Novartis,Pack Size: 1 Vial,"Rs 28,800"
Asterotide,Aster,Pack Size: 1 Ampx1 ml,Rs 333
Alkacitron,PDH,Pack Size: 20 sachet,Rs 7
Aldopa,Irza,Pack Size: 10x10's,Rs 32
Azopik,Wise Pharma,Pack Size: 1x6's,Rs 135
Azopik,Wise Pharma,Pack Size: 1x6's,Rs 248
Azores,Saydon,Pack Size: 1x6's,Rs 134
Azores,Saydon,Pack Size: 22.5ml,Rs 134
Azorox,Caylex,Pack Size: 1x6's,Rs 135
Azorox,Caylex,Pack Size: 1x3's,Rs 113
Azorox,Caylex,Pack Size: 1x5's,Rs 178
Azorox,Caylex,Pack Size: 15ml,Rs 126
Azotag,Biorex,Pack Size: 6,Rs 138
Azotine,Nimrall,Pack Size: 10,Rs 230
Azotine,Nimrall,Pack Size: 3,Rs 113
Azotine,Nimrall,Pack Size: 15ml,Rs 149
Azour,Mercy,Pack Size: 6,Rs 140
Azour,Mercy,Pack Size: 6,Rs 232
Azour,Mercy,Pack Size: 15ml,Rs 130
Azowin,Wise Pharma,Pack Size: 10,Rs 230
Azoxin,Flow Pharma,Pack Size: 6,Rs 224
Azoxin,Flow Pharma,Pack Size: 15ml,Rs 149
Azrocin,Obasons,Pack Size: 6,Rs 227
Azrocin,Obasons,Pack Size: 15ml,Rs 165
Azrowin,Wns Field,Pack Size: 10,Rs 230
Azrowin,Wns Field,Pack Size: 3,Rs 113
Azrowin,Wns Field,Pack Size: 6,Rs 214
Azrowin,Wns Field,Pack Size: 1 Vial,Rs 180
Azrowin,Wns Field,Pack Size: 15ml,Rs 149
Aztrix,Medisure,Pack Size: 6,Rs 230
Azure,Fynk,Pack Size: 15ml,Rs 149
Azure,Fynk,Pack Size: 10,Rs 225
Azure,Fynk,Pack Size: 6,Rs 248
Azza,Mediceena,Pack Size: 10,Rs 230
Alercid,Alina,Pack Size: 60ml,Rs 201
Alercid,Alina,Pack Size: 10,Rs 216
Alercid,Alina,Pack Size: 10,Rs 401
Amiclar,Ambrosia,Pack Size: 10,Rs 216
Amiclar,Ambrosia,Pack Size: 10,Rs 401
Apro,Panacea,Pack Size: 10,Rs 216
Apro,Panacea,Pack Size: 10,Rs 401
Apticlar,L A Kurative,Pack Size: 10,Rs 216
Apticlar,L A Kurative,Pack Size: 10,Rs 401
Arithro,Nova Med,Pack Size: 60ml,Rs 201
Arithro,Nova Med,Pack Size: 10,"Rs 2,160"
Arithro,Nova Med,Pack Size: 10,Rs 401
Arket,Inno Pharma,Pack Size: 10,Rs 278
Arket,Inno Pharma,Pack Size: 10,Rs 401
Awaclor,Usawa,Pack Size: 10,Rs 216
Awaclor,Usawa,Pack Size: 10,Rs 401
Anthracin,Atco,Pack Size: 1 Vialx5ml,Rs 603
Anthracin,Atco,Pack Size: 1 Vialx5ml,"Rs 2,250"
Aropotin,Gene-Tech,Pack Size: 1 Vial,Rs 976
Aropotin,Gene-Tech,Pack Size: 1 Vial,"Rs 1,800"
Acifre,Noa Hemis,Pack Size: 2x7's,Rs 54
Acifre,Noa Hemis,Pack Size: 2 x 7's,Rs 89
Aciloc,Medipak,Pack Size: 14,Rs 101
Aciloc,Medipak,Pack Size: 14,Rs 151
Actif,Webros,Pack Size: 14,Rs 53
Albomep,Albro,Pack Size: 14,Rs 107
Albomep,Albro,Pack Size: 14,Rs 205
Anvil Off,Inno Pharma,Pack Size: 2 x 7's,Rs 54
Anvil Off,Inno Pharma,Pack Size: 2 x 7's,Rs 89
Artek,Noa Hemis,Pack Size: 14,Rs 151
Artek,Noa Hemis,Pack Size: 14,Rs 265
Avinza,Mass-PH Health,Pack Size: 1x14's,Rs 291
Awa-Block,Usawa,Pack Size: 2x7's,Rs 71
Aksotran Ds,Akson,Pack Size: 10x10's,Rs 23
Albrotran,Albro,Pack Size: 20x10's,Rs 12
Amtril,Jawa,Pack Size: 1x100's,Rs 106
Amtril,Jawa,Pack Size: 1x200's,Rs 251
Amtril Ds,Jawa,Pack Size: 1x100's,Rs 250
Atroxylate,Delux,Pack Size: 50x10's,Rs 4
Act-On,Qintar Pharma,Pack Size: 5x10's,Rs 39
Al-Pridone,Macquins,Pack Size: 5x10's,Rs 26
Almedon,Alina,Pack Size: 5x10's,Rs 39
Ambrilium,Ambrosia,Pack Size: 5x10's,Rs 26
Appdom,Delux,Pack Size: 1x10's,Rs 130
Ardilium,Ardin,Pack Size: 5x10's,Rs 27
Acneclin,Medisearch,Pack Size: 30ml,Rs 135
Acnesafe,Epla,Pack Size: 10gm,Rs 126
Austaclin-T,Bloom Pharma,Pack Size: 30ml,Rs 155
Amo-Clav,English Pharma,Pack Size: 1 Vial,Rs 140
Amoxi-Clav,Novartis,Pack Size: 60 ml,Rs 98
Augmentin,GlaxoSmithKline,Pack Size: 10 Vial,Rs 162
Augmentin,GlaxoSmithKline,Pack Size: 60ml,Rs 141
Augmentin,GlaxoSmithKline,Pack Size: 60ml,Rs 98
Augmentin,GlaxoSmithKline,Pack Size: 1x6's,Rs 161
Amtran,Gaba,Pack Size: 20x10's,Rs 7
Atrotil,Akson,Pack Size: 50x10's,Rs 4
Appdom,Delux,Pack Size: 50,Rs 130
Avifix,Radium,Pack Size: 50,Rs 194
Amoxi-Clav,Novartis,Pack Size: 1 Vial,Rs 162
Amoxi-Clav,Novartis,Pack Size: 100ml,Rs 163
Amoxi-Clav,Novartis,Pack Size: 1x6's,Rs 102
Amoxilite Plus,E-Lite,Pack Size: 60ml,Rs 98
Augmiclave,Lisko,Pack Size: 60ml,Rs 98
Augmiclave,Lisko,Pack Size: 6,Rs 108
Aloret,Mass-PH Health,Pack Size: 1x10's,Rs 99
Aerius,Dermagen,Pack Size: 1x20's,Rs 152
Antine,Wise Pharma,Pack Size: 1x10's,Rs 162
Antine,Wise Pharma,Pack Size: 1x20's,Rs 162
Antine,Wise Pharma,Pack Size: 1x10's,Rs 189
Antine,Wise Pharma,Pack Size: 2x7's,Rs 108
Adine,Pfizer,Pack Size: 1x10's,Rs 104
Adine,Pfizer,Pack Size: 1x10's,Rs 135
Afex,Shaheen,Pack Size: 1x10's,Rs 104
Afex,Shaheen,Pack Size: 1x10's,Rs 135
Alerfex,Genome Pharma,Pack Size: 1x10's,Rs 104
Allerfedin,Healthtek,Pack Size: 1x10's,Rs 104
Allergia,Mass-PH Health,Pack Size: 1x10's,Rs 155
Allergia,Mass-PH Health,Pack Size: 1x10's,Rs 200
Allergofex,Leads Pharma,Pack Size: 1x10's,Rs 104
Allergofex,Leads Pharma,Pack Size: 1x10's,Rs 135
Alofast,Isis,Pack Size: 1x10's,Rs 99
Alofast,Isis,Pack Size: 1x10's,Rs 135
Alzera,Polyfine,Pack Size: 1x10's,Rs 207
Aspen,Zephyr Pharmatec,Pack Size: 1x10's,Rs 104
Aspen,Zephyr Pharmatec,Pack Size: 1x10's,Rs 135
Axodine,Grays,Pack Size: 1x10's,Rs 140
Axodine,Grays,Pack Size: 1x10's,Rs 147
Atoxan,swiss pharma,Pack Size: 3x10's,Rs 99
Afrovil,Fynk,Pack Size: 100 Ampx2ml,Rs 180
Alergifen,Neutro,Pack Size: 100 Ampx2ml,Rs 171
Amrovil,Amros,Pack Size: 100 Ampx2 ml,Rs 540
Ann-Vil,Venus,Pack Size: 100 Ampx2ml,Rs 188
Avedex,Murfy Pharma,Pack Size: 1 Vialx50ml,Rs 265
Avil,Sanofi,Pack Size: 10 x 10's,Rs 15
Avilon,Harmann,Pack Size: 100 Ampx2ml,Rs 1
Amdaquin,Zafa,Pack Size: 60x10's,Rs 14
Amoquine,Progressive,Pack Size: 20x10's,Rs 12
A-Fantrine,Atco,Pack Size: 5 Ampx1ml,Rs 70
Antimal,Macquins,Pack Size: 6 Amp,Rs 90
Armizol,Wise Pharma,Pack Size: 6 Ampx1ml,Rs 90
Arteblax,Medicaids,Pack Size: 6 Ampx1ml,Rs 122
Arteg,EG Pharma,Pack Size: 6 Amp,Rs 83
Artem,Hilton,Pack Size: 1x10's,Rs 252
Artemax,Star,Pack Size: 6 Ampx1ml,Rs 49
Artimet,L A Kurative,Pack Size: 10 Amp,Rs 54
Artimet,L A Kurative,Pack Size: 6 Amp,Rs 90
Artinex,Nexus,Pack Size: 10 Ampx1ml,Rs 43
Artinex,Nexus,Pack Size: 6 Ampx1ml,Rs 68
Artiwin,Wns Field,Pack Size: 1 Ampx1ml,Rs 107
Artiwin,Wns Field,Pack Size: 6 Ampx1ml,Rs 107
A-Mal,Stand Pharm,Pack Size: 2x8's,Rs 140
A-Mal,Stand Pharm,Pack Size: 1x8's,Rs 238
A-Mal,Stand Pharm,Pack Size: 1x6's,Rs 294
Akilum,Glitz,Pack Size: 1 x 8's,Rs 238
Alar,Searle,Pack Size: 1 x 8's,Rs 247
Alar,Searle,Pack Size: 60ml,Rs 162
Alar,Searle,Pack Size: 2x8's,Rs 113
Alar,Searle,Pack Size: 1x4's,Rs 198
Alar,Searle,Pack Size: 1x6's,Rs 308
Altamal,Hisun,Pack Size: 2x8's,Rs 144
Altamal,Hisun,Pack Size: 2x8's,Rs 144
Alumax,Axis,Pack Size: 1x16's,Rs 288
Alumax,Axis,Pack Size: 1x8's,Rs 238
Amalar,Bloom Pharma,Pack Size: 2x8's,Rs 144
Amalar,Bloom Pharma,Pack Size: 1x8's,Rs 238
Amalar,Bloom Pharma,Pack Size: 1x4's,Rs 198
Antamol,Pfizer,Pack Size: 1x16's,Rs 288
Antimal Plus,Macquins,Pack Size: 2 x 8's,Rs 144
Antimal Plus,Macquins,Pack Size: 1 x 8's,Rs 243
Armizol,Wise Pharma,Pack Size: 2x8's,Rs 144
Armizol Ds,Wise Pharma,Pack Size: 1 x 8's,Rs 238
Arteblax L,Medicaids,Pack Size: 2 x 8's,Rs 201
Arteblax L,Medicaids,Pack Size: 1 x 8's,Rs 259
Artecap,Ottoman,Pack Size: 2x8's,Rs 144
Artedan Ds,Danas,Pack Size: 2x8's,Rs 144
Artedan Ds,Danas,Pack Size: 1x8's,Rs 238
Artefrost,Hamaz,Pack Size: 60ml,Rs 153
Artefrost,Hamaz,Pack Size: 1x8's,Rs 238
Artefrost,Hamaz,Pack Size: 1x4's,Rs 297
Artemax Ds,Star,Pack Size: 2 x 4's,Rs 133
Artemax,Star,Pack Size: 60ml,Rs 153
Artemax Plus,Star,Pack Size: 60ml,Rs 158
Artemax Plus,Star,Pack Size: 2 x 8's,Rs 106
Artemax Ds,Star,Pack Size: 1 x 8's,Rs 212
Artemef,Panacea,Pack Size: 2x8's,Rs 144
Artemef,Panacea,Pack Size: 1x8's,Rs 238
Artemef Ds,Panacea,Pack Size: 1 x 4's,Rs 198
Artemef DS,Panacea,Pack Size: 1 x 6's,Rs 297
Artemet,Pulse,Pack Size: 2 x 8's,Rs 144
Artemet,Pulse,Pack Size: 1 x 8's,Rs 238
Artemex L Ds,Schazoo Pharmaceuticals,Pack Size: 1 x 8's,Rs 241
Artemose Extra,Friends,Pack Size: 1 x 4's,Rs 198
Artemose Forte,Friends,Pack Size: 1x8's,Rs 238
Artemose,Friends,Pack Size: 1 x 16's,Rs 288
Artepearl,Pearl,Pack Size: 60ml,Rs 162
Artepearl,Pearl,Pack Size: 1x16's,Rs 266
Artepearl,Pearl,Pack Size: 1x8's,Rs 234
Arther Forte,Focus & Rulz,Pack Size: 1x4's,Rs 198
Arther,Focus & Rulz,Pack Size: 60ml,Rs 158
Arther Ds,Focus & Rulz,Pack Size: 30ml,Rs 126
Arther Ds,Focus & Rulz,Pack Size: 60ml,Rs 270
Arther,Focus & Rulz,Pack Size: 2x8's,Rs 119
Arther Ds,Focus & Rulz,Pack Size: 1 x 8's,Rs 238
Arti,Nexus,Pack Size: 60ml,Rs 162
Arti,Nexus,Pack Size: 2x8's,Rs 145
Arti Ds,Nexus,Pack Size: 1 x 8's,Rs 238
Arti Forte,Nexus,Pack Size: 1 x 6's,Rs 293
Artequine,Platinum,Pack Size: 1x8's,Rs 71
Artequine,Platinum,Pack Size: 16 Sachet,Rs 35
Aspirin,Amros,Pack Size: 1x1000's,Rs 117
Aspirin,Ardin,Pack Size: 1x1000's,Rs 164
Aspirin,Geofman,Pack Size: 1x1000's,Rs 165
Aspirin,Ideal,Pack Size: 1x1000's,Rs 270
Aspirin,Irza,Pack Size: 1x1000's,Rs 225
Aspirin,Irza,Pack Size: 10x20's,Rs 18
Aspirin,Jawa,Pack Size: 1x1000's,Rs 102
Aspirin,LCPW,Pack Size: 1x1000's,Rs 141
Aspirin,LCPW,Pack Size: 25x10's,Rs 5
Aspirin,Lisko,Pack Size: 1x1000's,Rs 139
Aspirin,Nawab sons,Pack Size: 1x1000's,Rs 122
Aspirin,Xenon,Pack Size: 1x1000's,Rs 113
Aspirin,Euro Pharma,Pack Size: 1x600's,Rs 270
Acasia,Nexpharm,Pack Size: 1x6's,Rs 135
Acasia,Nexpharm,Pack Size: 22.5ml,Rs 180
Acim,Fynk,Pack Size: 1x10's,Rs 230
Acim,Fynk,Pack Size: 1x6's,Rs 138
Akzith,Akson,Pack Size: 1x10's,Rs 230
Albocin,Albro,Pack Size: 1x10's,Rs 230
Alide,Pharmix,Pack Size: 1x10's,Rs 230
Alide,Pharmix,Pack Size: 1x3's,Rs 113
Alide,Pharmix,Pack Size: 15ml,Rs 132
Aptimac,L A Kurative,Pack Size: 1x10's,Rs 230
Austa-Z,Bloom Pharma,Pack Size: 1x6's,Rs 135
Axalina,Alina,Pack Size: 15ml,Rs 149
Azal,Jaens,Pack Size: 1x10's,Rs 189
Azaltic,L A Kurative,Pack Size: 1x6's,Rs 135
Azelide,Regent,Pack Size: 15ml,Rs 153
Azelide,Regent,Pack Size: 25ml,Rs 252
Azelide,Regent,Pack Size: 1x6's,Rs 144
Azibac,Mcolson,Pack Size: 1x10's,Rs 230
Azibac,Mcolson,Pack Size: 15ml,Rs 149
Azicap,Cherwel,Pack Size: 1x6's,Rs 108
Azidose,Shaheen,Pack Size: 1x6's,Rs 138
Azidose,Shaheen,Pack Size: 15ml,Rs 149
Azigood,Goodman,Pack Size: 1x10's,Rs 230
Azilite,Webros,Pack Size: 1x10's,Rs 230
Azilite,Webros,Pack Size: 1x6's,Rs 248
Azilite,Webros,Pack Size: 15ml,Rs 149
Azilite,Webros,Pack Size: 1x10's,Rs 230
Azimik,Biocare,Pack Size: 1x10's,Rs 230
Azimycin,Mediceena,Pack Size: 15ml,Rs 122
Azimycin,Mediceena,Pack Size: 1x10's,Rs 187
Azineu,Neutro,Pack Size: 15ml,Rs 149
Azineu,Neutro,Pack Size: 1x10's,Rs 168
Aziotic,Everest,Pack Size: 1x10's,Rs 230
Azirol,Xemberg,Pack Size: 1x6's,Rs 140
Azirom,Macquins,Pack Size: 15ml,Rs 144
Azirom,Macquins,Pack Size: 30ml,Rs 144
Azirom,Macquins,Pack Size: 1x6's,Rs 153
Aziromycin,Nawab Labs,Pack Size: 1x10's,Rs 245
Aziromycin,Nawab Labs,Pack Size: 15ml,Rs 149
Azisia,Ambrosia,Pack Size: 1x10's,Rs 221
Azit,Raazee,Pack Size: 1x6's,Rs 108
Azit,Raazee,Pack Size: 15ml,Rs 108
Azitab,Cherwel,Pack Size: 1x10's,Rs 210
Azitab,Cherwel,Pack Size: 1x6's,Rs 135
Azitek,Hygeia,Pack Size: 1x10's,Rs 225
Azitek,Hygeia,Pack Size: 1x6's,Rs 135
Azitral,Nova Med,Pack Size: 1x10's,Rs 230
Azitral,Nova Med,Pack Size: 15ml,Rs 149
Azixun,Hisun,Pack Size: 1x10's,Rs 230
Azizen,Medizan,Pack Size: 1x10's,Rs 230
Azizen,Medizan,Pack Size: 1x6's,Rs 138
Azizox,Alliance,Pack Size: 1x6's,Rs 135
Azo,Ethical Laboratories,Pack Size: 1x6's,Rs 156
Azo,Ethical Laboratories,Pack Size: 15ml,Rs 156
Azobit,Wns Field,Pack Size: 1x10's,Rs 214
Azobit,Wns Field,Pack Size: 1x6's,Rs 135
Azobrain,ACE,Pack Size: 15ml,Rs 144
Azobrain,ACE,Pack Size: 1x6's,Rs 135
Azocam,Le Mendoza,Pack Size: 1x3's,Rs 112
Azocam,Le Mendoza,Pack Size: 15ml,Rs 135
Azocure,Orta,Pack Size: 1x6's,Rs 230
Azoheim,Pakheim,Pack Size: 1x6's,Rs 135
Azolib,Libra,Pack Size: 1x6's,Rs 158
Azolib,Libra,Pack Size: 15ml,Rs 126
Azom,Bio Pharma,Pack Size: 1x10's,Rs 230
Azomexin,Paramount,Pack Size: 1x10's,Rs 230
Azomexin,Paramount,Pack Size: 1x6's,Rs 135
Azomexin,Paramount,Pack Size: 15ml,Rs 149
Azomexin,Paramount,Pack Size: 1x6's,Rs 248
Azomin,EG Pharma,Pack Size: 1x10's,Rs 230
Azomycin,Pulse,Pack Size: 1x10's,Rs 230
Acetin,Genome Pharma,Pack Size: 3x10's,Rs 174
Acisor,Shrooq,Pack Size: 3x10's,Rs 393
Acitrelex,Ambrosia,Pack Size: 3x10's,Rs 393
Acne-Lene,Valor,Pack Size: 45gm,Rs 333
Acne-Lene,Valor,Pack Size: 45gm,Rs 648
Acne Pearl Tropical,Pearl,Pack Size: 15gm,Rs 126
Aroleen,Hygeia,Pack Size: 15gm,Rs 126
Adefo,Shrooq,Pack Size: 3x10's,Rs 330
Adeowin,Orta,Pack Size: 3x10's,"Rs 1,350"
Adgen,Gene-Tech,Pack Size: 3x10's,"Rs 1,530"
Adrowin,Wns Field,Pack Size: 3x10's,"Rs 1,800"
Aika,Bosch,Pack Size: 5 Ampx1ml,Rs 23
Amicin,Star,Pack Size: 1 vialx2ml,Rs 135
Amifate,Caraway,Pack Size: 1 vialx2ml,Rs 113
Amikamed,ACE,Pack Size: 1 Vial,Rs 144
Amikaneu,Neutro,Pack Size: 1 vialx2ml,Rs 113
Amikarex,Rex,Pack Size: 1 vialx2ml,Rs 113
Amikaye,High-Q,Pack Size: 1 Vialx2ml,Rs 331
Aminocin,Macquins,Pack Size: 5 Vialx2ml,Rs 158
Aminocin,Macquins,Pack Size: 1 Vialx2ml,Rs 139
Amiwise,Wise Pharma,Pack Size: 1 Vialx2ml,Rs 113
Amizin,Akson,Pack Size: 2ml,Rs 113
Amkeen,Drugs Inn,Pack Size: 2ml,Rs 98
Amkeen,Drugs Inn,Pack Size: 2ml,Rs 299
Anfotericina FADA,Medinet,Pack Size: 1 Vial,Rs 675
Alergo,Pharmix,Pack Size: 1x30's,Rs 104
Allermine,Isis,Pack Size: 1x1000's,Rs 135
Augmentin Inj 1.2g 1Vial,GlaxoSmithKline,Pack Size: 1x10's vials,Rs 162
Anferon,CCL,Pack Size: 1 Pre Filled Syringe,Rs 810
Anferon,CCL,Pack Size: 1 Vial,Rs 540
Accure,Dermagen,Pack Size: 1x30's,"Rs 1,914"
Acnewin,Wns Field,Pack Size: 1x5's,Rs 164
Acnewin,Wns Field,Pack Size: 3x10's,Rs 554
Acno,Paramount,Pack Size: 1x10's,Rs 329
Acno,Paramount,Pack Size: 1x5's,Rs 164
Acno,Paramount,Pack Size: 1x10's,Rs 547
Acno,Paramount,Pack Size: 1x30's,"Rs 1,665"
Acnoren,Mediceena,Pack Size: 1x10's,Rs 329
Acnoren,Mediceena,Pack Size: 1x30's,"Rs 1,665"
Aknefin,Wise Pharma,Pack Size: 3x10's,Rs 555
Arynoin,Mass-PH Health,Pack Size: 3x10's,Rs 450
Atcon,Wisdom,Pack Size: 1x4's,Rs 270
Auspogen,Global-Vision,Pack Size: 1 Pre Filled Syringex1ml,"Rs 2,074"
A-Flox,Laderly,Pack Size: 6x4's,Rs 32
A-Flox,Laderly,Pack Size: 5 Vial,Rs 45
A-Flox,Laderly,Pack Size: 5 Vial,Rs 69
Alfumet,Wilshire,Pack Size: 1x1's,Rs 171
Anaf,Vega,Pack Size: 1x10's,Rs 150
Anaf,Vega,Pack Size: 3x10's,Rs 50
Ansaid,Pfizer,Pack Size: 6 x 5's,Rs 41
Ambrodic,Ambrosia,Pack Size: 15gm,Rs 131
Amfic,Amros,Pack Size: 15gm,Rs 108
Aria,Highnoon,Pack Size: 3x10's,Rs 41
Asmofen,Medicaids,Pack Size: 60ml,Rs 106
Asmofen,Medicaids,Pack Size: 30s,Rs 52
Aculac,English Pharma,Pack Size: 120ml,Rs 128
Al-Culose,Macquins,Pack Size: 120ml,Rs 162
Alogen,Alina,Pack Size: 120ml,Rs 128
Accion,Envoy,Pack Size: 2x7s,Rs 81
Aksoton,Akson,Pack Size: 10s,Rs 135
Alberta,Tagma,Pack Size: 2x7s,Rs 63
Allest,Wise Pharma,Pack Size: 14s,Rs 185
Anso,Shaigan,Pack Size: 14s,Rs 185
Anzole,Shawan,Pack Size: 2x7s,Rs 93
Arcozol,PPP,Pack Size: 10s,Rs 162
Aksolox,Akson,Pack Size: 1 Vialx100ml,Rs 180
Aksolox,Akson,Pack Size: 10s,Rs 99
Aksolox,Akson,Pack Size: 10s,Rs 180
Aksolox,Akson,Pack Size: 10s,Rs 450
Alboflox,Albro,Pack Size: 10s,Rs 225
Alboflox,Albro,Pack Size: 10s,Rs 234
Aligant,Envoy,Pack Size: 10s,Rs 99
Aligant,Envoy,Pack Size: 10s,Rs 162
Alixin,Alina,Pack Size: 10s,Rs 104
Alixin,Alina,Pack Size: 10s,Rs 162
Alovic,Alliance,Pack Size: 10s,Rs 198
Alovic,Alliance,Pack Size: 10s,Rs 360
Anlev,Crystolite Pharma,Pack Size: 10s,Rs 261
Anton,Jinnah Pharma,Pack Size: 10s,Rs 131
Anton,Jinnah Pharma,Pack Size: 10s,Rs 220
Atcoflox,Atco,Pack Size: 10s,Rs 208
Awarax,Usawa,Pack Size: 10s,Rs 117
Awarax,Usawa,Pack Size: 10s,Rs 212
Axolox,Qintar Pharma,Pack Size: 10s,Rs 144
Axolox,Qintar Pharma,Pack Size: 10s,Rs 234
Alfalor,Wisdom,Pack Size: 10s,Rs 108
Allorat,Polyfine,Pack Size: 10s,Rs 100
Alor,Alina,Pack Size: 10s,Rs 124
Antial,Sami,Pack Size: 10s,Rs 135
Armer,Goodman,Pack Size: 2x8s,Rs 144
Artecap,Ottoman,Pack Size: 2x8s,Rs 144
Artecxin,Highnoon,Pack Size: 60ml,Rs 162
Artefrost,Hamaz,Pack Size: 16s,Rs 288
Artem Plus,Hilton,Pack Size: 30ml,Rs 230
Artem DS Plus,Hilton,Pack Size: 1x4's,Rs 198
Androcur,Bayer,Pack Size: 5x10,Rs 522
Abdol,Sapient,Pack Size: 1x14,Rs 130
Acezole,TG  Pharma,Pack Size: 1x14,Rs 130
Acezole,TG  Pharma,Pack Size: 1x14,Rs 225
Alpazol,Medicaids,Pack Size: 1x14,Rs 169
Amop,Alliance,Pack Size: 1x14,Rs 130
Anmol,Roryan Pharma,Pack Size: 2x7,Rs 65
Anmol,Roryan Pharma,Pack Size: 2x7,Rs 113
Anzatax,Atco,Pack Size: 1 vial,"Rs 20,250"
Actrapid Penfill Cartridges,Novo Nordisk,Pack Size: 5 Cartridges x 3ml,Rs 327
Apidra,Sanofi,Pack Size: 5 pre filled syringe x 3ml,Rs 840
Acelar,SiTech,Pack Size: 1x60 's,Rs 186
Acelar,SiTech,Pack Size: 1x100 's,Rs 207
Aksopril,Akson,Pack Size: 2x10 's,Rs 130
Accupril,Pfizer,Pack Size: 2x14's,Rs 316
Accupril,Pfizer,Pack Size: 2x14's,Rs 632
Accupril,Pfizer,Pack Size: 2x14's,Rs 221
Adytum,Macter,Pack Size: 2x14's,Rs 140
Adytum,Macter,Pack Size: 2x14's,Rs 198
Adytum,Macter,Pack Size: 2x14's,Rs 250
Aquasin,Siza,Pack Size: 50 Ampx2ml,Rs 149
Atridol,Global-Vision,Pack Size: 25x20's,Rs 7
Atrolate,Rex,Pack Size: 50x10's,Rs 4
Ardizol,Ardin,Pack Size: 1000's,Rs 188
Ardizol,Ardin,Pack Size: 500's,Rs 99
Apcom,Karachi Chemical,Pack Size: 100x10 's,Rs 3
A-Pnamic,Pulse,Pack Size: 600 's,Rs 324
A-Pnamic,Pulse,Pack Size: 100 's,Rs 120
Amic,Libra,Pack Size: 1x200's,Rs 351
Amnic,Jawa,Pack Size: 1000 's,Rs 464
Amnic,Jawa,Pack Size: 60x10 's,Rs 6
Anapen Forte,Pharmix,Pack Size: 20x5's,Rs 6
Amadol Extra,Harmann,Pack Size: 1 x 500 's,Rs 360
Amidol Extra,Bloom Pharma,Pack Size: 10 x 10 's,Rs 10
Amidol Extra,Bloom Pharma,Pack Size: 1 x 200 's,Rs 197
Amsipol,English Pharma,Pack Size: 20x10 's,Rs 7
Aridol,Aries,Pack Size: 10x10 's,Rs 16
Apecirin,Alfalah Pharma,Pack Size: 1x1000 's,Rs 162
Apecirin,Alfalah Pharma,Pack Size: 1x200 's,Rs 109
Ascamol,Eros,Pack Size: 1x1000 's,Rs 230
Aspirin,Ideal,Pack Size: Jar x 1000's,Rs 315
Aspirin,Ideal,Pack Size: Jarx1000 's,Rs 122
Aspirin Compd,Nawab sons,Pack Size: 1 x 1000 's,Rs 155
Amtalidin,English Pharma,Pack Size: 1x200 's,Rs 108
Advil,Aries,Pack Size: 20x10 's,Rs 9
Amadol,Harmann,Pack Size: 10 Ampx2ml,Rs 11
Amole,Libra,Pack Size: 20x10's,Rs 9
Anapyrin,Specific,Pack Size: 1x1000 's,Rs 239
Asmacaine,E-Lite,Pack Size: 100 Ampx2ml,Rs 90
Ab-clor,Alliance,Pack Size: 12's,Rs 194
Ab-clor,Alliance,Pack Size: 12's,Rs 342
Ab-clor,Alliance,Pack Size: 60ml,Rs 130
Ab-clor,Alliance,Pack Size: 60ml,Rs 230
Acef,English Pharma,Pack Size: 12's,Rs 210
Acef,English Pharma,Pack Size: 12's,Rs 369
Acef,English Pharma,Pack Size: 60ml,Rs 132
Acef,English Pharma,Pack Size: 60ml,Rs 230
Aclor,Miracle,Pack Size: 12's,Rs 210
Aclor,Miracle,Pack Size: 12's,Rs 338
Aclor,Miracle,Pack Size: 60ml,Rs 122
Aclor,Miracle,Pack Size: 60ml,Rs 221
Ag-clor,Saydon,Pack Size: 2x6's,Rs 117
Ag-clor,Saydon,Pack Size: 2x6's,Rs 210
Ag-clor,Saydon,Pack Size: 60ml,Rs 138
Ag-clor,Saydon,Pack Size: 60ml,Rs 243
Ambiclor,Paramount,Pack Size: 12's,Rs 210
Ambiclor,Paramount,Pack Size: 12's,Rs 369
Ambiclor,Paramount,Pack Size: 60ml,Rs 132
Ambiclor,Paramount,Pack Size: 60ml,Rs 230
Ambit,Pakheim,Pack Size: 12's,Rs 253
Ambit,Pakheim,Pack Size: 12's,Rs 492
Ambit,Pakheim,Pack Size: 60ml,Rs 183
Ambit,Pakheim,Pack Size: 60ml,Rs 319
Aveclor,Aventek,Pack Size: 12's,Rs 210
Aveclor,Aventek,Pack Size: 12's,Rs 369
Aveclor,Aventek,Pack Size: 60ml,Rs 131
Aveclor,Aventek,Pack Size: 60ml,Rs 230
Abidox,Alliance,Pack Size: 12's,Rs 162
Abidox,Alliance,Pack Size: 60ml,Rs 141
Actacef,kaizen,Pack Size: 12's,Rs 162
Adoxil,Mega,Pack Size: 12's,Rs 162
Adoxil,Mega,Pack Size: 60ml,Rs 171
Ag-drox,Saydon,Pack Size: 2x6's,Rs 113
Ag-drox,Saydon,Pack Size: 60ml,Rs 103
Ag-drox,Saydon,Pack Size: 60ml,Rs 167
Ag-drox,Saydon,Pack Size: 10's,Rs 360
Albadrox,Albro,Pack Size: 12's,Rs 162
Albadrox,Albro,Pack Size: 60ml,Rs 141
avexil,Aventek,Pack Size: 10's,Rs 225
avexil,Aventek,Pack Size: 12's,Rs 162
avexil,Aventek,Pack Size: 60ml,Rs 141
Afipime,Agror,Pack Size: 1 Vial,Rs 414
Afipime,Agror,Pack Size: 1 Vial,Rs 248
Aqpine,Shawan,Pack Size: 1 Vial,Rs 540
Aqpine,Shawan,Pack Size: 1 Vial,Rs 270
Arpim,Ardin,Pack Size: 1 Vial,Rs 414
Arpim,Ardin,Pack Size: 1 Vial,Rs 248
Avepime,Aventek,Pack Size: 1 Vial,Rs 414
Avepime,Aventek,Pack Size: 1 Vial,Rs 248
Axepime,EG Pharma,Pack Size: 1 Vial,Rs 414
Axepime,EG Pharma,Pack Size: 1 Vial,Rs 248
Abifix,Alliance,Pack Size: 5's,Rs 270
Abifix,Alliance,Pack Size: 30ml,Rs 108
Abifix,Alliance,Pack Size: 60ml,Rs 205
Aerocef,Raazee,Pack Size: 30ml,Rs 107
Aerocef,Raazee,Pack Size: 60ml,Rs 152
Aerocef,Raazee,Pack Size: 60ml,Rs 135
Aerocef,Raazee,Pack Size: 30ml,Rs 152
Afixim,Usawa,Pack Size: 5's,Rs 293
Afixim,Usawa,Pack Size: 30ml,Rs 140
Ag-fix,Saydon,Pack Size: 5's,Rs 293
Ag-fix,Saydon,Pack Size: 30ml,Rs 162
Ag-fix,Saydon,Pack Size: 30ml,Rs 216
Agrofix,Agror,Pack Size: 5's,Rs 293
Agrofix,Agror,Pack Size: 30ml,Rs 135
Agrofix,Agror,Pack Size: 30ml,Rs 203
Aksoxime,Akson,Pack Size: 5's,Rs 248
Aksoxime,Akson,Pack Size: 30ml,Rs 122
Aksoxime,Akson,Pack Size: 30ml,Rs 176
Akurate,Envoy,Pack Size: 5's,Rs 252
Akurate,Envoy,Pack Size: 30ml,Rs 113
Akurate,Envoy,Pack Size: 30ml,Rs 189
Albrocef,Albro,Pack Size: 5's,Rs 293
Albrocef,Albro,Pack Size: 30ml,Rs 162
Amber,Rakahposhi,Pack Size: 5's,Rs 270
Amber,Rakahposhi,Pack Size: 30ml,Rs 135
Amber,Rakahposhi,Pack Size: 60ml,Rs 225
Arco-fix,PPP,Pack Size: 5's,Rs 293
Arco-fix,PPP,Pack Size: 30ml,Rs 188
Avecol,Aventek,Pack Size: 5's,Rs 135
Avecol,Aventek,Pack Size: 5's,Rs 293
Avecol,Aventek,Pack Size: 30ml,Rs 126
Avecol,Aventek,Pack Size: 30ml,Rs 153
Aricef,Aries,Pack Size: 1 Vial,Rs 225
Aricef,Aries,Pack Size: 1 Vial,Rs 135
Actum,Stand Pharm,Pack Size: 1 Vial,Rs 225
Actum,Stand Pharm,Pack Size: 1 Vial,Rs 315
Avesulzone,Aventek,Pack Size: 1 Vial,Rs 225
Adwotex,Bloom Pharma,Pack Size: 1 Vial,Rs 144
Adwotex,Bloom Pharma,Pack Size: 1 Vial,Rs 99
Afran,Gillman,Pack Size: 1 Vial,Rs 144
Afran,Gillman,Pack Size: 1 Vial,Rs 99
Albaxim,Albro,Pack Size: 1 Vial,Rs 144
Albaxim,Albro,Pack Size: 1 Vial,Rs 99
Algixim,Epharm,Pack Size: 1 Vial,Rs 135
Avetek,Aventek,Pack Size: 1 Vial,Rs 144
Avetek,Aventek,Pack Size: 1 Vial,Rs 99
Awabrod,Usawa,Pack Size: 1 Vial,Rs 144
Awabrod,Usawa,Pack Size: 1 Vial,Rs 99
Averom,Aventek,Pack Size: 1 Vial,Rs 198
Averom,Aventek,Pack Size: 1 Vial,Rs 401
Apodox,Alliance,Pack Size: 50ml,Rs 180
Apodox,Alliance,Pack Size: 10's,Rs 270
Avedoxime,Aventek,Pack Size: 50ml,Rs 180
Avetaz,Aventek,Pack Size: 1 Vial,Rs 248
Avetaz,Aventek,Pack Size: 1 Vial,Rs 130
Agrocef,Agror,Pack Size: 1 Vial,Rs 144
Agrocef,Agror,Pack Size: 1 Vial,Rs 234
Albaxon,Albro,Pack Size: 1 Vial,Rs 332
Albaxon,Albro,Pack Size: 1 Vial,Rs 104
Albaxon,Albro,Pack Size: 1 Vial,Rs 176
Alexon,Biorex,Pack Size: 1 Vial,Rs 289
Alexon,Biorex,Pack Size: 1 Vial,Rs 91
Alexon,Biorex,Pack Size: 1 Vial,Rs 153
Amizone,Global-Vision,Pack Size: 1 Vial,Rs 289
Amizone,Global-Vision,Pack Size: 1 Vial,Rs 91
Antrix,Fynk,Pack Size: 1 Vial,Rs 289
Antrix,Fynk,Pack Size: 1 Vial,Rs 91
Antrix,Fynk,Pack Size: 1 Vial,Rs 153
Arizon,Aries,Pack Size: 1 Vial,Rs 289
Arizon,Aries,Pack Size: 1 Vial,Rs 91
Arizon,Aries,Pack Size: 1 Vial,Rs 153
Armasure,Medisure,Pack Size: 1 Vial,Rs 176
Armasure,Medisure,Pack Size: 1 Vial,Rs 108
Arophin,Ardin,Pack Size: 1 Vial,Rs 289
Arophin,Ardin,Pack Size: 1 Vial,Rs 91
Arophin,Ardin,Pack Size: 1 Vial,Rs 153
Avetron,Aventek,Pack Size: 1 Vial,Rs 257
Avetron,Aventek,Pack Size: 1 Vial,Rs 131
Awatrox,Usawa,Pack Size: 1 Vial,Rs 289
Awatrox,Usawa,Pack Size: 1 Vial,Rs 91
Awatrox,Usawa,Pack Size: 1 Vial,Rs 153
Al-Oxime,Macquins,Pack Size: 1 Vial,Rs 153
Apotex,Nova Med,Pack Size: 50ml,Rs 197
Avefro,Aventek,Pack Size: 1 Vial,Rs 158
Avefro,Aventek,Pack Size: 50ml,Rs 171
Abirex,Alliance,Pack Size: 12's,Rs 124
Ag-Cin,Saydon,Pack Size: 2x6's,Rs 63
Al-Zolin,Macquins,Pack Size: 1 Vial,Rs 99
Abidine,Alliance,Pack Size: 12's,Rs 153
Abidine,Alliance,Pack Size: 60ml,Rs 104
Ada Cef,Adamjee Pharmaceuticals,Pack Size: 3x4's,Rs 57
Aficef,Sayyed,Pack Size: 12's,Rs 153
Ag-Ceph,Saydon,Pack Size: 2x6's,Rs 56
Ag-Ceph,Saydon,Pack Size: 2x6's,Rs 106
Ag-Ceph,Saydon,Pack Size: 60ml,Rs 130
Aksosef,Akson,Pack Size: 2x6's,Rs 78
Aksosef,Akson,Pack Size: 60ml,Rs 104
Alosef,Aventek,Pack Size: 12's,Rs 141
Anasef,Mass-PH Health,Pack Size: 10x10's,Rs 76
Anasef,Mass-PH Health,Pack Size: 1x12's,Rs 93
Anasef,Mass-PH Health,Pack Size: 10x10's,Rs 151
Anasef,Mass-PH Health,Pack Size: 1x12's,Rs 183
Anasef,Mass-PH Health,Pack Size: 60ml,Rs 101
Antimic,Danas,Pack Size: 2x6's,Rs 71
Avadine,Pharmacare,Pack Size: 12's,Rs 141
Avadine,Pharmacare,Pack Size: 60ml,Rs 99
Acelo,Maple,Pack Size: 3x10's,Rs 239
Acenim,Nimrall,Pack Size: 5 Ampules,Rs 26
Acenim,Nimrall,Pack Size: 3x10's,Rs 62
Alkeris,Sami,Pack Size: 2x10's,Rs 72
Alkeris-SR,Sami,Pack Size: 10,Rs 91
Artiflex,Stand Pharm,Pack Size: 20's,Rs 212
Artrodar,Highnoon,Pack Size: 3x10's,Rs 298
Anti-Pain,Medicraft,Pack Size: 2x10's,Rs 54
Antiflam,Wilshire,Pack Size: 3x10's,Rs 75
Ardi-K,English Pharma,Pack Size: 20's,Rs 114
Ardi-K,English Pharma,Pack Size: 30's,Rs 114
Ariflam,Aries,Pack Size: 18x4's,Rs 16
Ariflam,Aries,Pack Size: 20's,Rs 108
Artimov-K,Barrett,Pack Size: 10's,Rs 91
Artimov-K,Barrett,Pack Size: 20's,Rs 74
Artinil-K,Global-Vision,Pack Size: 2x10's,Rs 56
Artinil-K,Global-Vision,Pack Size: 2x10's,Rs 64
Artinil-K,Global-Vision,Pack Size: 1x20's,Rs 142
A-fenac Plus,Laderly,Pack Size: 5 Ampx2ml,Rs 29
Articure,Global-Vision,Pack Size: 10 Ampx2ml,Rs 22
Aerotec,PharmaFive,Pack Size: 20,Rs 125
Aerotec,PharmaFive,Pack Size: 20's,Rs 207
Artho,Shaigan,Pack Size: 20's,Rs 215
Artisaf,Friends,Pack Size: 2x10's,Rs 90
Accred,Albro,Pack Size: 200's,Rs 621
Alfafenac,Alfalah Pharma,Pack Size: 3x10's,Rs 60
Anaren,Sharex,Pack Size: 25 Ampx3ml,Rs 6
Anaren,Sharex,Pack Size: 10x10's,Rs 18
Anaren,Sharex,Pack Size: 30x10's,Rs 17
Angised 0.5mg,GlaxoSmithKline,Pack Size: 30s,Rs 11
Ascard,Atco,Pack Size: 3x10's,Rs 25
Ascard 300mg,Atco,Pack Size: 3 x 10's,Rs 17
Adicos Syrup,Zafa,Pack Size: 120 ml,Rs 59
Acefyl Syrup (respiratory Treatment) 125ml,Nabi Qasim,Pack Size: 125ml,Rs 70
Atenblock,Everest,Pack Size: 20s,Rs 100
Atenolol,Batala Pharma,Pack Size: 20s,Rs 92
Atromin,Noa Hemis,Pack Size: 20s,Rs 80
Atelor,Pharmadic,Pack Size: 20s,Rs 71
Atenblock,Everest,Pack Size: 20s,Rs 37
Ateno-Heart,Friends,Pack Size: 20s,Rs 40
Ateno-Heart,Friends,Pack Size: 20s,Rs 37
Atenocard,Mediate,Pack Size: 20s,Rs 37
Atenolol,Batala Pharma,Pack Size: 14s,Rs 0
Atenolol,Batala Pharma,Pack Size: 20s,Rs 0
ATL,Mega,Pack Size: 20s,Rs 50
ATL,Mega,Pack Size: 20s,Rs 35
Atlin,Bosch,Pack Size: 20s,Rs 29
Atlin,Bosch,Pack Size: 20s,Rs 35
ATN,Flow Pharma,Pack Size: 20s,Rs 59
Atomin,Semos,Pack Size: 20s,Rs 51
Atromin,Noa Hemis,Pack Size: 20s,Rs 40
Actim,Sami,Pack Size: 2x10's,Rs 30
Aptizid,Aptcure,Pack Size: 2x10s,Rs 46
Amarit,Reko,Pack Size: 2x10s,Rs 28
Amarit,Reko,Pack Size: 2x10s,Rs 45
Ardiphage,Ardin,Pack Size: 5x10s,Rs 10
Adolan,Siza,Pack Size: 1x10's,Rs 90
Adolan,Siza,Pack Size: 1x10's,Rs 99
Anacaine,Akson,Pack Size: 50 Ampx2 ml,Rs 1
Abaglin,Polyfine,Pack Size: 10,Rs 60
Abapen,Bosch,Pack Size: 10,Rs 50
Azanid,Usawa,Pack Size: 10,Rs 83
Arilax,E-Lite,Pack Size: 1 Amp,Rs 33
Amlortan,Genome Pharma,Pack Size: 1,Rs 34
Allopure,Zeb,Pack Size: 2x10s,Rs 35
Aminomux,Segionior,Pack Size: 1 Vial,Rs 0
Acid Citro,Delux,Pack Size: 120 ml,Rs 28
Acid Citro,Delux,Pack Size: 450 ml,Rs 46
Acitra,Rock PhARMA,Pack Size: 120 ml,Rs 28
Albacit,Albro,Pack Size: 120 ml,Rs 28
Albacit,Albro,Pack Size: 450 ml,Rs 39
Alkacitron,PDH,Pack Size: 450 ml,Rs 37
Alkaseptic,Sharex,Pack Size: 120 ml,Rs 35
Alkaseptic,Sharex,Pack Size: 450 ml,Rs 80
Amural,Jawa,Pack Size: 120 ml,Rs 17
Amural,Jawa,Pack Size: 450 ml,Rs 40
Anatrate,Mediate,Pack Size: 120 ml,Rs 16
Actif,Webros,Pack Size: 14,Rs 34
Awa-Block,Usawa,Pack Size: 14,Rs 78
Aksotran,Akson,Pack Size: 50ml,Rs 21
Amtran,Gaba,Pack Size: 50ml,Rs 9
Amtril,Jawa,Pack Size: 400ml,Rs 80
Amtril,Jawa,Pack Size: 50ml,Rs 14
Amibazol,Geofman,Pack Size: 1x15's,Rs 50
Amizole,Ankaz,Pack Size: 60ml,Rs 36
Al-Pridone,Macquins,Pack Size: 120ml,Rs 57
Al-Pridone,Macquins,Pack Size: 60ml,Rs 57
Almedon,Alina,Pack Size: 60ml,Rs 42
Almedon,Alina,Pack Size: 90ml,Rs 63
Ambrilium,Ambrosia,Pack Size: 120ml,Rs 75
Appdom,Delux,Pack Size: 120ml,Rs 84
Amlanic,Mediceena,Pack Size: 60ml,Rs 65
Amlanic,Mediceena,Pack Size: 1x6's,Rs 52
Amlanic Ds,Mediceena,Pack Size: 1 x 6's,Rs 81
Augmiclave,Lisko,Pack Size: 1x6's,Rs 82
Albrotran,Albro,Pack Size: 400ml,Rs 50
Albrotran,Albro,Pack Size: 50ml,Rs 15
Amoxazol,Amros,Pack Size: 400ml,Rs 0
Amtran,Gaba,Pack Size: 450ml,Rs 50
Ascotran,Hassan Pharma,Pack Size: 50ml,Rs 11
Amibazol,Geofman,Pack Size: 60ml,Rs 24
Amibazol,Geofman,Pack Size: 3x10's,Rs 17
Amibazol,Geofman,Pack Size: 15,Rs 50
Amizole,Ankaz,Pack Size: 15,Rs 74
Anizol,Pharmix,Pack Size: 3 x 5's,Rs 25
Avifix,Radium,Pack Size: 120ml,Rs 84
Amlanic Ds,Mediceena,Pack Size: 60ml,Rs 100
Amlanic Ds,Mediceena,Pack Size: 6,Rs 81
Amo-Clav,English Pharma,Pack Size: 1 Vial,Rs 79
Amoxi-Clav,Novartis,Pack Size: 1 Vial,Rs 100
Amoxi-Clav,Novartis,Pack Size: 60ml,Rs 70
Amoxilite Plus,E-Lite,Pack Size: 60ml,Rs 70
Augmiclave,Lisko,Pack Size: 60ml,Rs 70
Algetin,Bloom Pharma,Pack Size: 120ml,Rs 33
Algetin,Bloom Pharma,Pack Size: 1x30's,Rs 50
Alenor,Macter,Pack Size: 1x10's,Rs 99
A-GLC,Cherwel,Pack Size: 1x10's,Rs 95
Abro,Medizan,Pack Size: 1x10's,Rs 95
Aerius,Dermagen,Pack Size: 1x10's,Rs 100
Aptahist,L A Kurative,Pack Size: 1x10's,Rs 95
Atmos,Scotman,Pack Size: 30ml,Rs 55
Adine,Pfizer,Pack Size: 1x10's,Rs 55
Afex,Shaheen,Pack Size: 1x10's,Rs 55
Alergino,Saydon,Pack Size: 1x10's,Rs 100
Alergino,Saydon,Pack Size: 1x10's,Rs 50
Allergia,Mass-PH Health,Pack Size: 1x10's,Rs 81
Allergofex,Leads Pharma,Pack Size: 1x10's,Rs 55
Alofast,Isis,Pack Size: 1x10's,Rs 55
Aspen,Zephyr Pharmatec,Pack Size: 1x10's,Rs 55
Axodine,Grays,Pack Size: 1x10's,Rs 82
Alegocit,Global-Vision,Pack Size: 1x10's,Rs 55
Allerno,Well  & Well,Pack Size: 1x10's,Rs 55
Afrovil,Fynk,Pack Size: 25x10's,Rs 70
Ann-Vil,Venus,Pack Size: 1 Vialx50ml,Rs 9
Ann-Vil,Venus,Pack Size: 10x25's,Rs 6
Ann-Vil,Venus,Pack Size: 1x500's,Rs 67
Avil,Sanofi,Pack Size: 60ml,Rs 38
Avil,Sanofi,Pack Size: 2x50's,Rs 32
Avinol,Nawab sons,Pack Size: 120ml,Rs 13
Actidil,GlaxoSmithKline,Pack Size: 60ml,Rs 36
Amoquine,Progressive,Pack Size: 20ml,Rs 10
A-Mal,Stand Pharm,Pack Size: 1 Ampx1ml,Rs 64
A-Fantrine,Atco,Pack Size: 30ml,Rs 95
Alufa,Zafa,Pack Size: 2x8's,Rs 0
Artefrost,Hamaz,Pack Size: 30ml,Rs 85
Artemax,Star,Pack Size: 30ml,Rs 88
Artemax Plus,Star,Pack Size: 30ml,Rs 88
Arther,Focus & Rulz,Pack Size: 30ml,Rs 90
Arti,Nexus,Pack Size: 30ml,Rs 93
Antifocine,Nenza,Pack Size: 15ml,Rs 23
Antifocine,Nenza,Pack Size: 1x3's,Rs 11
Antimala,Irza,Pack Size: 1x10's,Rs 38
Angipro,Unimark,Pack Size: 3x10's,Rs 10
Apiscot,Scotman,Pack Size: 3x10's,Rs 15
Apiscot,Scotman,Pack Size: 3x10's,Rs 7
ASA,Don Valley,Pack Size: 1x30's,Rs 33
ASA,Don Valley,Pack Size: 1x30's,Rs 50
ASA,Don Valley,Pack Size: 1x30's,Rs 23
Aspirin,Gaba,Pack Size: 1x1000's,Rs 28
Aspirin,Mediate,Pack Size: 1x1000's,Rs 0
Aspirin,Pharmacare,Pack Size: 1x1000's,Rs 80
Aspirin,Unexo,Pack Size: 1x1000's,Rs 74
Aspisafe,Zafa,Pack Size: 1x30's,Rs 34
Aspisafe,Zafa,Pack Size: 1x30's,Rs 25
Aspiwan,Nawab Labs,Pack Size: 1x30's,Rs 30
Atropine,LCPW,Pack Size: 3.5gm,Rs 10
Artropisole,LCPW,Pack Size: 10ml,Rs 0
Az-Ko,Rasco,Pack Size: 1x6's,Rs 59
Azinic,Laderly,Pack Size: 1x6's,Rs 0
Azwin,Jinnah Pharma,Pack Size: 1x10's,Rs 0
Alba,Pakheim,Pack Size: 1x2's,Rs 15
Albagen,Genera,Pack Size: 10ml,Rs 19
Albagen,Genera,Pack Size: 1x10's,Rs 78
Albagen,Genera,Pack Size: 1x2's,Rs 17
Alben,Bryon,Pack Size: 10ml,Rs 25
Alben,Bryon,Pack Size: 1x2's,Rs 17
Albendazole Tablet,Batala Pharma,Pack Size: 1 x 2's,Rs 10
Albendix,Neo Medix,Pack Size: 10ml,Rs 16
Albendix,Neo Medix,Pack Size: 1x2's,Rs 17
Albendo,Davis Pharma,Pack Size: 1x2's,Rs 13
Albendol,Global-Vision,Pack Size: 1x2's,Rs 10
Albenza,Paramount,Pack Size: 10ml,Rs 19
Albenza,Paramount,Pack Size: 1x2's,Rs 17
Alfoz,Fozan,Pack Size: 10ml,Rs 16
Aliz,Glitz,Pack Size: 1x2's,Rs 17
Almed,Rakahposhi,Pack Size: 10ml,Rs 16
Alovac,Siza,Pack Size: 10ml,Rs 16
Alovac,Siza,Pack Size: 1x6's,Rs 37
Agout,Mega,Pack Size: 1x20's,Rs 70
Aika,Bosch,Pack Size: 5 Ampx1ml,Rs 20
Amicin,Star,Pack Size: 1 vialx2ml,Rs 55
Amicin,Star,Pack Size: 1 vialx2ml,Rs 82
Amifate,Caraway,Pack Size: 1 vialx2ml,Rs 41
Amifate,Caraway,Pack Size: 1 vialx2ml,Rs 66
Amikamed,ACE,Pack Size: 1 Vial,Rs 50
Amikamed,ACE,Pack Size: 1 Vial,Rs 90
Amikaneu,Neutro,Pack Size: 1 vialx2ml,Rs 41
Amikaneu,Neutro,Pack Size: 1 vialx2ml,Rs 66
Amikaran,Orta,Pack Size: 1 vialx2ml,Rs 41
Amikaran,Orta,Pack Size: 1 vialx2ml,Rs 66
Amikarex,Rex,Pack Size: 1 vialx2ml,Rs 41
Amikarex,Rex,Pack Size: 1 vialx2ml,Rs 66
Aminocin,Macquins,Pack Size: 1 Vialx2ml,Rs 67
Aminocin,Macquins,Pack Size: 1 Vialx2ml,Rs 65
Amizin,Akson,Pack Size: 2ml,Rs 41
Amizin,Akson,Pack Size: 2ml,Rs 66
Aksozine,Akson,Pack Size: 60ml,Rs 27
Aksozine,Akson,Pack Size: 1x10's,Rs 34
Alce,Derma Techno,Pack Size: 60ml,Rs 30
Alce,Derma Techno,Pack Size: 1x10's,Rs 42
Alcit,Hizat,Pack Size: 1x10's,Rs 36
Alegra,Tagma,Pack Size: 1x10's,Rs 35
Alergo,Pharmix,Pack Size: 120ml,Rs 59
Alergo,Pharmix,Pack Size: 60ml,Rs 27
Alergo,Pharmix,Pack Size: 1x10's,Rs 40
Alerid,Pharmatec,Pack Size: 60ml,Rs 31
Alerid,Pharmatec,Pack Size: 1x10's,Rs 74
Alerwise,Pharma Wise,Pack Size: 1x10's,Rs 40
Algezen,Olive Health Care,Pack Size: 60ml,Rs 30
Algezen,Olive Health Care,Pack Size: 1x10's,Rs 30
Allergid,Hygeia,Pack Size: 1x10's,Rs 0
Allerzin,Synchro,Pack Size: 60ml,Rs 27
Allerzin,Synchro,Pack Size: 1x10's,Rs 42
Allos,Adamjee Pharmaceuticals,Pack Size: 60ml,Rs 26
Allos,Adamjee Pharmaceuticals,Pack Size: 1x10's,Rs 28
Amzine,Ambrosia,Pack Size: 60ml,Rs 42
Arex,Danas,Pack Size: 1x10's,Rs 30
Arozine,Global-Vision,Pack Size: 1x10's,Rs 36
Askogix,Ideal,Pack Size: 60ml,Rs 16
Askogix,Ideal,Pack Size: 1x10's,Rs 30
Astemine,Siza,Pack Size: 1x10's,Rs 42
Avec,Platinum,Pack Size: 60ml,Rs 64
Avec,Platinum,Pack Size: 1x10's,Rs 67
Allergex,Nabi Qasim,Pack Size: 120ml,Rs 19
Allergon,Medicraft,Pack Size: 120ml,Rs 25
Allergycare,CareForHealth,Pack Size: 120ml,Rs 15
Allergycare,CareForHealth,Pack Size: 450ml,Rs 25
Allermine,Isis,Pack Size: 120ml,Rs 21
Allermine,Isis,Pack Size: 450ml,Rs 40
Allerphene,PDH,Pack Size: 120ml,Rs 25
Allerphene,PDH,Pack Size: 450ml,Rs 29
Allerphene,PDH,Pack Size: 60ml,Rs 19
Allerphene,PDH,Pack Size: 1x1000's,Rs 64
Apiton,Euro Pharma,Pack Size: 10x100's,Rs 3
Aminogent,Valor,Pack Size: 10gm,Rs 15
Abdopain,Zeb,Pack Size: 10x10's,Rs 10
Acnotin,Nimrall,Pack Size: 10gm,Rs 95
A-Flox,Laderly,Pack Size: 2x10's,Rs 36
Anorcid,Adamjee Pharmaceuticals,Pack Size: 3 x 10's,Rs 80
Askosaid,Ideal,Pack Size: 1x30's,Rs 55
Ambrodic,Ambrosia,Pack Size: 5gm,Rs 41
Aktofen,Alliance,Pack Size: 30s,Rs 23
Antifen,Pharmix,Pack Size: 60ml,Rs 43
Asmarax,Mediceena,Pack Size: 60ml,Rs 45
Asmarax,Mediceena,Pack Size: 20s,Rs 28
Asperfin,Davis Pharma,Pack Size: 60ml,Rs 46
Asthacure,Medicraft,Pack Size: 60ml,Rs 43
Asthacure,Medicraft,Pack Size: 3x10s,Rs 23
Asthanil,Siza,Pack Size: 60ml,Rs 39
Asthanil,Siza,Pack Size: 3x10's,Rs 15
Allest,Wise Pharma,Pack Size: 10s,Rs 85
Anso,Shaigan,Pack Size: 10s,Rs 85
Abrotin,Grays,Pack Size: 30ml,Rs 25
Abrotin,Grays,Pack Size: 60ml,Rs 46
Abrotin,Grays,Pack Size: 10s,Rs 72
Adin,Nimrall,Pack Size: 60ml,Rs 49
Adin,Nimrall,Pack Size: 10s,Rs 72
Alerd,Zeb,Pack Size: 60ml,Rs 48
Alerd,Zeb,Pack Size: 10s,Rs 70
Alerfree,Benson,Pack Size: 10s,Rs 50
Alersap,Sapient,Pack Size: 10s,Rs 72
Algac,Hygeia,Pack Size: 10s,Rs 60
Algecare,Olive Health Care,Pack Size: 60ml,Rs 48
Algecare,Olive Health Care,Pack Size: 10s,Rs 42
Allorat,Polyfine,Pack Size: 60ml,Rs 50
Alor,Alina,Pack Size: 60ml,Rs 69
Aloran,Aries,Pack Size: 10s,Rs 72
Alten,Medipak,Pack Size: 10s,Rs 43
Ambozial,Ambrosia,Pack Size: 60ml,Rs 55
Ambozial,Ambrosia,Pack Size: 10s,Rs 72
Axalor,Axis,Pack Size: 10s,Rs 72
Atamal,Hisun,Pack Size: 2x8s,Rs 0
Atamal,Hisun,Pack Size: 2x8s,Rs 0
Artiblax L,Medicaids,Pack Size: 2 x 8s,Rs 0
Artiblax L,Medicaids,Pack Size: 8s,Rs 0
Anthex,Fozan,Pack Size: 30ml,Rs 22
Apaurin,Isis,Pack Size: 10x10,Rs 2
Apolex,Mediceena,Pack Size: 1x20 's,Rs 65
Aptil,Pearl,Pack Size: 2x10 's,Rs 50
Acelar,SiTech,Pack Size: 2x10 's,Rs 38
Acelar,SiTech,Pack Size: 1x10 's,Rs 25
Amotac,Mass-PH Health,Pack Size: 2x10's,Rs 31
Aquasin,Siza,Pack Size: 1x100's,Rs 45
Aldactazide,Searle,Pack Size: 25's,Rs 52
Arutox,Progressive,Pack Size: 10x10's,Rs 9
Akso-D,Akson,Pack Size: 120 ml,Rs 33
Akso-D,Akson,Pack Size: 2x10's,Rs 28
Arosal-F,Alliance,Pack Size: 20 sachet,Rs 5
Amnic,Jawa,Pack Size: 450ml,Rs 34
Amnic,Jawa,Pack Size: 60ml,Rs 11
Amadol Extra,Harmann,Pack Size: 10 x 10 's,Rs 10
Aspirin Compd,Nawab sons,Pack Size: 10 x 10 's,Rs 8
Acepol,Hassan Pharma,Pack Size: 60mL,Rs 12
Acetofin,Epla,Pack Size: 20x10 's,Rs 5
Amole,Libra,Pack Size: 60ml,Rs 28
Amole,Libra,Pack Size: 60ml,Rs 35
Anapyrin,Specific,Pack Size: 20x10 's,Rs 4
Acef,English Pharma,Pack Size: 15ml,Rs 80
Ag-clor,Saydon,Pack Size: 15ml,Rs 98
Abidox,Alliance,Pack Size: 60ml,Rs 86
Adoxil,Mega,Pack Size: 60ml,Rs 86
avexil,Aventek,Pack Size: 60ml,Rs 86
Aricef,Aries,Pack Size: 1 Vial,Rs 90
Adwotex,Bloom Pharma,Pack Size: 1 Vial,Rs 60
Afran,Gillman,Pack Size: 1 Vial,Rs 60
Albaxim,Albro,Pack Size: 1 Vial,Rs 60
Algixim,Epharm,Pack Size: 1 Vial,Rs 50
Algixim,Epharm,Pack Size: 1 Vial,Rs 85
Avetek,Aventek,Pack Size: 1 Vial,Rs 60
Awabrod,Usawa,Pack Size: 1 Vial,Rs 60
Avetaz,Aventek,Pack Size: 1 Vial,Rs 100
Agrocef,Agror,Pack Size: 1 Vial,Rs 100
Armasure,Medisure,Pack Size: 1 Vial,Rs 70
Avetron,Aventek,Pack Size: 1 Vial,Rs 75
Al-Oxime,Macquins,Pack Size: 1 Vial,Rs 50
Al-Oxime,Macquins,Pack Size: 1 Vial,Rs 100
Alfur,Albro,Pack Size: 1 Vial,Rs 28
Alfur,Albro,Pack Size: 1 Vial,Rs 100
Avefro,Aventek,Pack Size: 1 Vial,Rs 28
Avefro,Aventek,Pack Size: 1 Vial,Rs 100
Abirex,Alliance,Pack Size: 12's,Rs 70
Abirex,Alliance,Pack Size: 60ml,Rs 57
Abirex,Alliance,Pack Size: 60ml,Rs 89
Ag-Cin,Saydon,Pack Size: 2x6's,Rs 36
Ag-Cin,Saydon,Pack Size: 10ml,Rs 57
Ag-Cin,Saydon,Pack Size: 60ml,Rs 51
Ag-Cin,Saydon,Pack Size: 60ml,Rs 89
Azene 20mg,Raazee,Pack Size: 14,Rs 42
Al-Zolin,Macquins,Pack Size: 1 Vial,Rs 50
Arzolin,Ardin,Pack Size: 1 Vial,Rs 100
Arzolin,Ardin,Pack Size: 1 Vial,Rs 40
Arzolin,Ardin,Pack Size: 1 Vial,Rs 60
Abidine,Alliance,Pack Size: 12's,Rs 100
Abidine,Alliance,Pack Size: 60ml,Rs 70
Ada Cef,Adamjee Pharmaceuticals,Pack Size: 3x4's,Rs 33
Ada Cef,Adamjee Pharmaceuticals,Pack Size: 60ml,Rs 65
Ada Cef,Adamjee Pharmaceuticals,Pack Size: 60ml,Rs 100
Aficef,Sayyed,Pack Size: 12's,Rs 100
Ag-Ceph,Saydon,Pack Size: 1 Vial,Rs 79
Ag-Ceph,Saydon,Pack Size: 1 Vial,Rs 36
Ag-Ceph,Saydon,Pack Size: 1 Vial,Rs 47
Ag-Ceph,Saydon,Pack Size: 60ml,Rs 84
Aksosef,Akson,Pack Size: 2x6's,Rs 50
Aksosef,Akson,Pack Size: 1 Vial,Rs 73
Aksosef,Akson,Pack Size: 1 Vial,Rs 30
Aksosef,Akson,Pack Size: 1 Vial,Rs 39
Aksosef,Akson,Pack Size: 60ml,Rs 70
Alosef,Aventek,Pack Size: 12's,Rs 100
Alosef,Aventek,Pack Size: 1 Vial,Rs 70
Alosef,Aventek,Pack Size: 1 Vial,Rs 30
Alosef,Aventek,Pack Size: 1 Vial,Rs 39
Alosef,Aventek,Pack Size: 60ml,Rs 59
Alosef,Aventek,Pack Size: 60ml,Rs 100
Anasef,Mass-PH Health,Pack Size: 1 Vial,Rs 73
Anasef,Mass-PH Health,Pack Size: 1 Vial,Rs 32
Anasef,Mass-PH Health,Pack Size: 1 Vial,Rs 43
Anasef,Mass-PH Health,Pack Size: 60ml,Rs 66
Antimic,Danas,Pack Size: 2x6's,Rs 46
Antimic,Danas,Pack Size: 60ml,Rs 59
Antimic,Danas,Pack Size: 60ml,Rs 100
Araxin,Ardin,Pack Size: 1 Vial,Rs 73
Araxin,Ardin,Pack Size: 1 Vial,Rs 30
Araxin,Ardin,Pack Size: 1 Vial,Rs 39
Avadine,Pharmacare,Pack Size: 12's,Rs 84
Avadine,Pharmacare,Pack Size: 60ml,Rs 70
Acefen,Semos,Pack Size: 10's,Rs 250
Acenim,Nimrall,Pack Size: 10's,Rs 75
Aclofen,Alliance,Pack Size: 10's,Rs 35
Afenac,Danas,Pack Size: 10's,Rs 75
Alwel,Wns Field,Pack Size: 10's,Rs 40
Alwel,Wns Field,Pack Size: 2x10's,Rs 33
Artocel,Honig,Pack Size: 10's,Rs 60
Aclonac,Synchro,Pack Size: 20's,Rs 60
Alfakalium,Alfalah Pharma,Pack Size: 20's,Rs 60
Anaran-K,Sharex,Pack Size: 2x10's,Rs 30
Andic-K,Nova Med,Pack Size: 2x10's,Rs 45
Antiflam,Wilshire,Pack Size: 2x10's,Rs 50
Ariflam,Aries,Pack Size: 20's,Rs 60
Ariflam,Aries,Pack Size: 2x10's,Rs 45
Arthopot,Mediceena,Pack Size: 20's,Rs 90
Artecid Plus,Bio Labs,Pack Size: 5 Ampx2ml,Rs 14
Accred,Albro,Pack Size: 2x10's,Rs 38
Aksofenac,Akson,Pack Size: 5 Ampx3ml,Rs 13
Aksofenac,Akson,Pack Size: 2x10's,Rs 39
Aleve,Aries,Pack Size: 2x10's,Rs 30
Alfafenac,Alfalah Pharma,Pack Size: 2x10's,Rs 30
Alfafenac,Alfalah Pharma,Pack Size: 3x10's,Rs 23
Amdik,Amros,Pack Size: 2x10's,Rs 30
Ame-Fenac,Ameer Pharma,Pack Size: 5 Ampx3ml,Rs 2
Amfac,Ambrosia,Pack Size: 3x10's,Rs 30
Anac,Rasco,Pack Size: 30's,Rs 0
Anac,Rasco,Pack Size: 2x10's,Rs 30
Anaren,Sharex,Pack Size: 5 Ampx3ml,Rs 9
Anaren,Sharex,Pack Size: 2x10's,Rs 21
Araam,Alliance,Pack Size: 2x10's,Rs 0
Araam,Alliance,Pack Size: 50x10's,Rs 0
Araam,Alliance,Pack Size: 16's,Rs 0
Araam,Alliance,Pack Size: 3x10's,Rs 0
Ardfenac,Ardin,Pack Size: 2x10's,Rs 33
Ardi,English Pharma,Pack Size: 5 Ampx3ml,Rs 13
Artecid,Bio Labs,Pack Size: 20's,Rs 60
Artecid,Bio Labs,Pack Size: 5 Ampx3ml,Rs 13
Arthonil,Batala Pharma,Pack Size: 2x10's,Rs 30
Arthosure,Medisure,Pack Size: 2x10's,Rs 30
Arthron,Icon,Pack Size: 2x10's,Rs 32
Artonec,Biogenics,Pack Size: 2x10's,Rs 68
Artonec,Biogenics,Pack Size: 1x10's,Rs 79
Atcora,Caylex,Pack Size: 2x10's,Rs 37
Atcora,Caylex,Pack Size: 2x10's,Rs 45
Axflam,Alina,Pack Size: 2x10's,Rs 46
Axflam,Alina,Pack Size: 10's,Rs 86
Axifen,Axis,Pack Size: 20's,Rs 60
Askosaid,Ideal,Pack Size: 10's,Rs 55
Arth,Nimrall,Pack Size: 10's,Rs 70
Ambrofen,Jawa,Pack Size: 400ml,Rs 80
Amofen,Ameer Pharma,Pack Size: 90ml,Rs 18
Artijesic,Medisearch,Pack Size: 90ml,Rs 36
Azofin,Al Kemy,Pack Size: 450ml,Rs 60
Azofin,Al Kemy,Pack Size: 90ml,Rs 30
Abidacam,Z-jans,Pack Size: 10's,Rs 96
Abidacam,Z-jans,Pack Size: 10's,Rs 55
Aponip,Inno Pharma,Pack Size: 10's,Rs 94
Armex,Qintar Pharma,Pack Size: 10's,Rs 93
Armex,Qintar Pharma,Pack Size: 10's,Rs 56
Artex,Pharmadic,Pack Size: 10's,Rs 68
Articam,Stand Pharm,Pack Size: 10's,Rs 79
Abxicam,Innvotek,Pack Size: 10's,Rs 74
Aksocam,Akson,Pack Size: 5 Ampx1ml,Rs 15
Anarom,Caylex,Pack Size: 10's,Rs 48
Anarom,Caylex,Pack Size: 10's,Rs 80
Amdoxine,Amson,Pack Size: 2x10's,Rs 38
Actifed P,GSK Consumer Healthcare,Pack Size: 90ml,Rs 114
Acicon,Barrett,Pack Size: 60ml,Rs 87
Angilingual,Zafa,Pack Size: 13,Rs 36
Angiocard SR,Biogenics,Pack Size: 3x10's,Rs 1
Anginil,Noa Hemis,Pack Size: 77,Rs 1
Anginil,Noa Hemis,Pack Size: 123,Rs 1
Acetamol,Legacy,Pack Size: 60 ml,Rs 15
Amole,Libra,Pack Size: 15ml,Rs 25
Asmacaine,E-Lite,Pack Size: 10 ampx2 ml,Rs 100
Axamol extra,Axis,Pack Size: 10 x 10's,Rs 10
Aspirin,Nawab sons,Pack Size: 10x10's,Rs 8
Aminophylline,Munawar Pharma,Pack Size: 1000's,Rs 92
Amphyll,GlaxoSmithKline,Pack Size: 5 ampx10 ml,Rs 85
Aerolin,Ankaz,Pack Size: 120 ml,Rs 52
Aerolin,Ankaz,Pack Size: 450 ml,Rs 79
Aerolin,Ankaz,Pack Size: 60 ml,Rs 29
Aerolin,Ankaz,Pack Size: 20's,Rs 14
Aerolin,Ankaz,Pack Size: 20's,Rs 18
Airin,Legacy,Pack Size: 60 ml,Rs 23
Asalkar,Davis Pharma,Pack Size: 60 ml,Rs 19
Asalkar,Davis Pharma,Pack Size: 5x10's,Rs 7
Asalkar,Davis Pharma,Pack Size: 3x10's,Rs 8
Astamol,Siza,Pack Size: 1x200's,Rs 80
Asthamol,Epoch,Pack Size: 120 ml,Rs 45
Asthamol,Epoch,Pack Size: 450 ml,Rs 31
Asthamol,Epoch,Pack Size: 60 ml,Rs 23
Asthamol,Epoch,Pack Size: 10x10's,Rs 9
Asthamol,Epoch,Pack Size: 2x10's,Rs 9
Asthamol,Epoch,Pack Size: 2x10's,Rs 24
Asthasim,Simz,Pack Size: 60 ml,Rs 23
Asmanyl,Mediceena,Pack Size: 60 ml,Rs 23
Acefyl,Nabi Qasim,Pack Size: 90ml,Rs 64
Avomine,Sanofi,Pack Size: 5x20's,Rs 58
Actim,Sami,Pack Size: 1 x 20's,Rs 81
